證券代號,證券名稱,成交股數,成交金額,開盤價,最高價,最低價,收盤價,漲跌價差,成交筆數
"0050","元大台灣50","5183750","621931940","120.35","120.40","119.75","119.95","-0.4000","8973"
"0051","元大中型100","60282","3536707","58.85","58.85","58.50","58.50","-0.3000","172"
"0052","富邦科技","303821","32574316","107.50","107.55","106.80","107.15","-0.4000","694"
"0053","元大電子","31350","1881509","60.05","60.15","60.00","60.15","0.0500","692"
"0055","元大MSCI金融","130524","2929046","22.42","22.49","22.35","22.42","0.0000","264"
"0056","元大高股息","17759658","509814276","28.83","28.85","28.61","28.67","-0.1300","13985"
"0057","富邦摩台","6376","554878","87.25","87.25","87.00","87.00","-0.2000","939"
"0061","元大寶滬深","118034","2328105","19.66","19.80","19.66","19.70","0.0900","289"
"006203","元大MSCI台灣","4397","254827","58.30","58.30","58.10","58.10","-0.1000","991"
"006204","永豐臺灣加權","23196","1849648","80.05","80.05","79.75","79.75","-0.3000","698"
"006205","富邦上証","2943137","97212258","32.82","33.14","32.82","33.08","0.3200","831"
"006206","元大上證50","101897","3184980","31.00","31.44","31.00","31.28","0.3100","412"
"006207","復華滬深","160450","4165911","25.90","26.04","25.90","25.94","0.1300","252"
"006208","富邦台50","2781217","193424012","69.75","69.75","69.35","69.50","-0.2500","5852"
"00625K","富邦上証+R","","","","","","","0.0000",""
"00631L","元大台灣50正2","1713530","201144743","117.85","118.20","116.80","117.15","-0.8500","1649"
"00632R","元大台灣50反1","57984175","301903755","5.21","5.22","5.19","5.21","0.0100","2713"
"00633L","富邦上証正2","8742193","352660733","40.00","40.80","39.81","40.33","0.6700","2278"
"00634R","富邦上証反1","223000","966860","4.36","4.36","4.32","4.34","-0.0400","30"
"00635U","期元大S&P黃金","463476","11713875","25.25","25.33","25.22","25.30","-0.0800","215"
"00636","國泰中國A50","1558506","34347221","21.85","22.18","21.85","22.02","0.1900","1196"
"00636K","國泰中國A50+U","200","1446","7.23","7.23","7.23","7.23","0.0800","2"
"00637L","元大滬深300正2","86677865","1376564344","15.75","16.06","15.68","15.89","0.2800","11118"
"00638R","元大滬深300反1","617000","5658990","9.25","9.25","9.13","9.17","-0.0900","89"
"00639","富邦深100","882301","11638336","13.16","13.30","13.15","13.20","0.0400","667"
"00640L","富邦日本正2","206325","6533406","31.63","31.76","31.52","31.53","0.3600","102"
"00641R","富邦日本反1","1220327","11038415","9.05","9.07","9.03","9.07","-0.0400","196"
"00642U","期元大S&P石油","3036129","51882701","17.06","17.15","17.04","17.09","-0.2900","894"
"00643","群益深証中小","150271","2319372","15.55","15.55","15.40","15.44","0.0300","522"
"00643K","群益深証中小+R","","","","","","","0.0000",""
"00645","富邦日本","96829","2659899","27.48","27.48","27.43","27.43","0.1500","616"
"00646","元大S&P500","512643","20041726","39.04","39.13","39.04","39.10","0.0700","827"
"00647L","元大S&P500正2","147759","8326333","56.30","56.45","56.30","56.35","0.1500","46"
"00648R","元大S&P500反1","630050","4426952","7.03","7.03","7.02","7.03","-0.0100","107"
"00650L","復華香港正2","10234028","145256710","14.24","14.35","14.08","14.19","0.0300","1170"
"00651R","復華香港反1","278000","2242440","8.10","8.10","8.05","8.09","-0.0100","42"
"00652","富邦印度","200354","5793294","28.95","29.00","28.85","28.90","-0.0500","985"
"00653L","富邦印度正2","181643","7541057","41.55","41.75","41.32","41.50","-0.0800","102"
"00654R","富邦印度反1","116000","941270","8.12","8.13","8.10","8.12","0.0000","28"
"00655L","國泰中國A50正2","4174226","118839805","28.18","28.80","28.09","28.49","0.5000","944"
"00656R","國泰中國A50反1","105000","859440","8.23","8.23","8.13","8.19","-0.0600","25"
"00657","國泰日經225","111549","3820830","34.24","34.29","34.24","34.29","0.0900","558"
"00657K","國泰日經225+U","200","2248","11.24","11.24","11.24","11.24","0.0300","2"
"00660","元大歐洲50","7360","233075","31.70","31.77","31.70","31.77","-0.0300","796"
"00661","元大日經225","4927","179742","36.55","36.65","36.55","36.56","0.0600","841"
"00662","富邦NASDAQ","1847223","94383285","51.10","51.35","50.90","51.20","0.1000","595"
"00663L","國泰臺灣加權正2","4000","434150","108.60","108.65","108.45","108.45","-0.5500","4"
"00664R","國泰臺灣加權反1","4474133","26255987","5.86","5.89","5.86","5.89","0.0400","216"
"00665L","富邦恒生國企正2","23629010","207679398","8.77","8.88","8.71","8.76","0.0800","2428"
"00666R","富邦恒生國企反1","181000","2545360","14.08","14.09","13.99","14.05","-0.1000","15"
"00668","國泰美國道瓊","25672","966134","37.60","37.68","37.60","37.67","0.0900","971"
"00668K","國泰美國道瓊+U","200","2468","12.34","12.34","12.34","12.34","0.0300","2"
"00669R","國泰美國道瓊反1","3681000","28966760","7.87","7.88","7.86","7.88","0.0100","1044"
"00670L","富邦NASDAQ正2","915354","60763589","66.45","66.50","66.30","66.45","-0.1000","403"
"00671R","富邦NASDAQ反1","8323500","46297660","5.56","5.57","5.56","5.57","0.0200","292"
"00673R","期元大S&P原油反1","59561787","495172548","8.31","8.34","8.28","8.33","0.1600","2934"
"00674R","期元大S&P黃金反1","1083135","12866882","11.91","11.91","11.86","11.88","0.0400","196"
"00675L","富邦臺灣加權正2","607984","28854826","47.67","47.86","47.25","47.36","-0.4200","538"
"00676R","富邦臺灣加權反1","3319698","10716166","3.22","3.24","3.22","3.23","0.0000","145"
"00678","群益NBI生技","331835","8650029","26.08","26.08","26.05","26.07","0.1900","461"
"00680L","元大美債20正2","43755001","508355560","11.66","11.67","11.60","11.62","-0.2800","7007"
"00681R","元大美債20反1","531310","9630749","18.13","18.16","18.10","18.13","0.2500","71"
"00682U","期元大美元指數","299311","6077215","20.31","20.35","20.29","20.31","0.0500","59"
"00683L","期元大美元指正2","1566000","33026270","21.09","21.12","21.07","21.09","0.1600","307"
"00684R","期元大美元指反1","","","","","","","0.0000",""
"00685L","群益臺灣加權正2","184055","7769427","42.24","42.36","41.95","42.05","-0.1700","46"
"00686R","群益臺灣加權反1","2243000","7850820","3.50","3.51","3.49","3.51","0.0000","39"
"00688L","國泰20年美債正2","6155335","70842210","11.53","11.53","11.49","11.51","-0.3000","1068"
"00689R","國泰20年美債反1","207000","3887530","18.79","18.79","18.77","18.79","0.2200","10"
"00690","兆豐藍籌30","172432","4772814","27.70","27.81","27.64","27.66","-0.1400","264"
"00692","富邦公司治理","1413559","42524912","30.12","30.15","30.01","30.06","-0.0800","1548"
"00693U","期街口S&P黃豆","114208","3093868","27.04","27.16","27.04","27.14","0.3900","53"
"00700","富邦恒生國企","296082","3914692","13.30","13.30","13.17","13.20","0.0500","889"
"00701","國泰股利精選30","638499","14773831","23.13","23.17","23.10","23.13","0.0000","655"
"00702","國泰標普低波高息","132779","2784990","20.98","20.99","20.98","20.98","0.1400","797"
"00703","台新MSCI中國","83723","1377824","16.37","16.53","16.37","16.43","0.0600","909"
"00706L","期元大S&P日圓正2","1894500","18196159","9.63","9.63","9.59","9.62","-0.0500","425"
"00707R","期元大S&P日圓反1","10000","242360","24.28","24.28","24.21","24.23","0.0700","4"
"00708L","期元大S&P黃金正2","980964","28037968","28.52","28.67","28.52","28.60","-0.2000","307"
"00709","富邦歐洲","33291","839499","25.22","25.24","25.22","25.24","-0.1300","561"
"00710B","復華彭博非投等債","339970","6007088","17.68","17.68","17.66","17.66","-0.0200","72"
"00711B","復華彭博新興債","125372","2024846","16.14","16.15","16.14","16.14","-0.0900","199"
"00712","復華富時不動產","31929963","290845423","9.12","9.13","9.09","9.11","0.1000","7375"
"00713","元大台灣高息低波","8427506","343271155","40.88","40.90","40.65","40.72","-0.1600","7280"
"00714","群益道瓊美國地產","1240514","22642343","18.27","18.28","18.24","18.24","0.2900","298"
"00715L","期街口布蘭特正2","36087953","550654300","15.19","15.34","15.15","15.25","-0.4500","2816"
"00717","富邦美國特別股","104248","1524563","14.63","14.64","14.62","14.63","0.0100","1031"
"00728","第一金工業30","711156","16671580","23.57","23.57","23.32","23.34","-0.2000","416"
"00730","富邦臺灣優質高息","275765","5131334","18.65","18.66","18.54","18.54","-0.1100","443"
"00731","復華富時高息低波","1035442","59065311","57.10","57.10","56.95","57.00","-0.1000","267"
"00732","國泰RMB短期報酬","","","","","","","0.0000",""
"00733","富邦臺灣中小","276008","10402712","37.73","37.83","37.59","37.68","0.1500","452"
"00735","國泰臺韓科技","131769","3532398","26.88","26.88","26.73","26.75","-0.1700","482"
"00736","國泰新興市場","100954","1988239","19.70","19.70","19.70","19.70","0.0600","806"
"00737","國泰AI+Robo","26243","726096","27.68","27.70","27.65","27.68","0.0000","163"
"00738U","期元大道瓊白銀","752176","18535800","24.68","24.69","24.62","24.66","-0.2900","205"
"00739","元大MSCI A股","52570","1265025","24.03","24.19","24.00","24.08","0.0500","429"
"00752","中信中國50","3757081","71200239","18.90","19.03","18.88","18.96","0.1500","778"
"00753L","中信中國50正2","12643721","143122613","11.30","11.41","11.24","11.29","0.0900","2070"
"00757","統一FANG+","447113","19865205","44.68","44.68","44.36","44.39","-0.1800","515"
"00762","元大全球AI","114196","4227488","37.05","37.06","36.98","37.00","0.0100","142"
"00763U","期街口道瓊銅","52004","1341893","25.99","25.99","25.76","25.82","-0.1700","25"
"00770","國泰北美科技","128338","3735501","29.20","29.20","29.06","29.10","-0.0100","405"
"00771","元大US高息特別股","34669","552630","15.96","15.97","15.93","15.95","0.0100","410"
"00775B","新光投等債15+","51401","1733097","33.72","33.75","33.72","33.75","-0.2700","214"
"00783","富邦中証500","188448","4119580","21.89","21.91","21.84","21.91","-0.0800","808"
"00830","國泰費城半導體","1905233","51880167","27.25","27.26","27.20","27.25","-0.0100","1019"
"00850","元大臺灣ESG永續","617652","19315270","31.38","31.38","31.17","31.26","-0.1200","666"
"00851","台新全球AI","3540","94810","26.83","26.83","26.82","26.83","0.0000","189"
"00852L","國泰美國道瓊正2","156057","3048972","19.52","19.57","19.52","19.53","0.0200","68"
"00861","元大全球未來通訊","1744987","49515899","28.42","28.49","28.31","28.36","-0.1300","784"
"00865B","國泰US短期公債","107795","4359828","40.42","40.46","40.42","40.44","0.0000","803"
"00875","國泰網路資安","89916","2343446","26.09","26.10","26.05","26.07","0.0100","103"
"00876","元大全球5G","888453","24334158","27.43","27.45","27.32","27.44","-0.1400","760"
"00878","國泰永續高股息","38243822","673354827","17.63","17.64","17.58","17.62","-0.0100","19708"
"00881","國泰台灣5G+","8327553","125737357","15.16","15.17","15.06","15.09","-0.0600","5531"
"00882","中信中國高股息","18673300","230176042","12.26","12.38","12.25","12.34","0.1100","4189"
"00885","富邦越南","9650238","109361067","11.33","11.36","11.31","11.33","-0.0100","2689"
"00891","中信關鍵半導體","7215123","94662365","13.21","13.22","13.05","13.07","-0.1600","3699"
"00892","富邦台灣半導體","5035378","61583590","12.28","12.30","12.18","12.20","-0.0800","1196"
"00893","國泰智能電動車","13417137","187846269","14.00","14.02","13.98","13.98","0.0400","2598"
"00894","中信小資高價30","1248034","17188028","13.86","13.86","13.69","13.71","-0.1500","387"
"00895","富邦未來車","2133075","31628980","14.84","14.87","14.81","14.82","0.0500","631"
"00896","中信綠能及電動車","1198616","17646633","14.80","14.80","14.67","14.70","-0.1000","826"
"00897","富邦基因免疫生技","1513091","11946430","7.89","7.91","7.88","7.89","0.0500","345"
"00898","國泰基因免疫革命","839501","6395870","7.63","7.63","7.60","7.60","-0.0100","232"
"00899","FT潔淨能源","153283","3387062","22.05","22.15","22.02","22.11","0.2200","148"
"00900","富邦特選高股息30","8567208","100479072","11.80","11.80","11.69","11.71","-0.0900","3938"
"00901","永豐智能車供應鏈","485984","6326873","13.09","13.09","12.98","13.00","-0.0900","382"
"00902","中信電池及儲能","8686237","110524212","12.65","12.80","12.60","12.70","0.1000","2064"
"00903","富邦元宇宙","1385557","13852697","10.05","10.05","9.99","10.00","-0.0500","431"
"00904","新光臺灣半導體30","810486","10057586","12.48","12.48","12.33","12.36","-0.1200","271"
"00905","FT臺灣Smart","1403414","12773506","9.12","9.13","9.08","9.09","-0.0300","554"
"00906","大華元宇宙科技50","27000","291500","10.80","10.80","10.79","10.80","0.0000","7"
"00907","永豐優息存股","1550261","22866158","14.76","14.77","14.73","14.73","-0.0300","645"
"00908","富邦入息REITs+","996125","12147884","12.21","12.22","12.18","12.18","0.1000","208"
"00909","國泰數位支付服務","155747","2682177","17.33","17.33","17.21","17.21","-0.1200","96"
"00910","第一金太空衛星","1227711","18800437","15.30","15.33","15.30","15.32","0.0400","222"
"00911","兆豐洲際半導體","246081","4193468","17.00","17.08","17.00","17.06","-0.0800","43"
"00912","中信臺灣智慧50","4674317","70302038","15.13","15.13","14.97","15.00","-0.1100","1650"
"00913","兆豐台灣晶圓製造","136255","2267869","16.70","16.70","16.54","16.54","-0.1400","21"
"00915","凱基優選高股息30","327552","5431294","16.60","16.60","16.56","16.56","-0.0300","214"
"00916","國泰全球品牌50","622053","10006177","16.10","16.13","16.07","16.08","0.0000","302"
"00917","中信特選金融","456897","6913479","15.17","15.17","15.12","15.13","0.1200","228"
"00918","大華優利高填息30","402439","6967875","17.40","17.40","17.26","17.28","-0.1200","155"
"00919","群益台灣精選高息","3337915","64236138","19.35","19.35","19.16","19.18","-0.1600","1876"
"00920","富邦ESG綠色電力","251664","4297578","17.05","17.13","17.05","17.07","0.0700","147"
"00921","兆豐龍頭等權重","209350","3398536","16.35","16.35","16.17","16.17","-0.1800","123"
"00922","國泰台灣領袖50","6670361","99054846","14.94","14.94","14.83","14.84","-0.0700","2585"
"00923","群益台灣ESG低碳","3529612","52760638","15.00","15.00","14.91","14.93","-0.0800","1954"
"00925","新光標普電動車","12149466","181374658","14.94","14.95","14.90","14.90","-0.0700","1142"
"01001T","土銀富邦R1","7301","115758","15.80","15.90","15.80","15.90","0.0000","8"
"01002T","土銀國泰R1","105000","1852180","17.70","17.75","17.51","17.61","-0.0900","25"
"01003T","兆豐新光R1","1612000","36651440","21.18","21.20","21.10","21.10","-0.1000","27"
"01004T","土銀富邦R2","","","","","","","0.0000",""
"01007T","兆豐國泰R2","34000","597100","17.50","17.60","17.50","17.60","0.1000","4"
"01009T","王道圓滿R1","44000","373580","8.50","8.50","8.46","8.50","0.0000","8"
"01010T","京城樂富R1","23000","230120","10.00","10.04","10.00","10.04","-0.0100","8"
"020000","富邦特選蘋果N","1000","7180","7.18","7.18","7.18","7.18","0.0000","1"
"020002","元富新中國N","1000","13310","13.31","13.31","13.31","13.31","0.0000","1"
"020007","凱基臺灣500N","","","","","","","0.0000",""
"020011","統一微波高息20N","","","","","","","0.0000",""
"020012","富邦行動通訊N","","","","","","","0.0000",""
"020015","統一MSCI美低波N","","","","","","","0.0000",""
"020016","統一MSCI美科技N","15000","275700","18.38","18.38","18.38","18.38","0.0000","1"
"020018","統一價值成長30N","5000","83500","16.70","16.70","16.70","16.70","0.0000","1"
"020019","統一特選台灣5GN","","","","","","","0.0000",""
"02001L","富邦蘋果正二N","5000","51020","10.21","10.21","10.20","10.20","-0.0900","2"
"02001R","富邦蘋果反一N","","","","","","","0.0000",""
"02001S","策元大加權策略N","","","","","","","0.0000",""
"020020","元大台股領航N","51000","343720","6.76","6.76","6.71","6.71","-0.0500","19"
"020022","元大電動車N","725000","4347880","6.03","6.05","5.96","5.98","-0.0500","118"
"020028","元大特選電動車N","145000","837580","5.82","5.82","5.76","5.76","-0.0600","37"
"020029","元大ESG高股息N","35000","176240","5.05","5.05","5.01","5.02","-0.0100","17"
"020030","統一智慧電動車N","76000","326170","4.31","4.32","4.27","4.28","-0.0300","18"
"020031","統一IC設計臺灣N","523000","2319460","4.51","4.51","4.41","4.43","-0.0800","28"
"020032","元大綠能N","47000","255870","5.45","5.45","5.41","5.41","-0.0400","8"
"020034","元大IC設計N","364000","2003110","5.56","5.57","5.45","5.46","-0.1000","48"
"020036","元大金融配息N","63000","314680","5.00","5.00","4.99","4.99","0.0100","29"
"020037","元大金融高股息N","30000","149750","4.99","5.00","4.99","4.99","0.0100","12"
"1101","台泥","13555388","509593992","37.95","38.00","37.30","37.45","-0.5000","9319"
"1101B","台泥乙特","148286","7245624","48.90","48.90","48.85","48.90","0.0000","46"
"1102","亞泥","3552623","155269596","43.80","43.85","43.60","43.60","-0.1500","1692"
"1103","嘉泥","524120","10343387","19.95","19.95","19.60","19.70","-0.1500","426"
"1104","環泥","1090841","29253297","27.00","27.05","26.65","26.75","-0.2000","540"
"1108","幸福","1395278","21979725","15.90","15.95","15.65","15.70","-0.2000","752"
"1109","信大","351821","6134764","17.55","17.55","17.35","17.50","-0.0500","124"
"1110","東泥","326002","5945486","18.25","18.35","18.15","18.30","-0.0500","61"
"1201","味全","259057","5223295","20.25","20.25","20.10","20.15","0.0500","450"
"1203","味王","19261","727862","37.70","37.90","37.60","37.85","-0.1000","79"
"1210","大成","3325698","176532126","53.20","53.70","52.50","52.70","-0.1000","2914"
"1213","大飲","6999","50471","7.32","7.32","7.04","7.04","0.0400","6"
"1215","卜蜂","3407386","323368266","94.10","97.30","92.60","94.90","-0.1000","4576"
"1216","統一","5757518","423786650","73.40","73.80","73.30","73.60","0.3000","3718"
"1217","愛之味","932319","10594555","11.40","11.40","11.35","11.35","0.0000","355"
"1218","泰山","815587","24586328","30.20","30.25","30.05","30.10","-0.1000","490"
"1219","福壽","542116","11559913","21.50","21.55","21.25","21.25","-0.2000","366"
"1220","台榮","334998","5594932","16.90","16.90","16.60","16.75","0.0000","1306"
"1225","福懋油","24278","1485389","60.90","61.40","60.90","61.20","0.3000","33"
"1227","佳格","912044","36823623","40.40","40.65","40.40","40.50","0.1000","320"
"1229","聯華","1314303","78762941","60.30","60.70","59.60","59.80","-0.4000","4766"
"1231","聯華食","110733","10154616","91.70","92.00","91.50","91.50","-0.1000","364"
"1232","大統益","33584","5009612","149.50","149.50","148.50","149.50","1.0000","130"
"1233","天仁","21056","739528","35.20","35.30","34.80","35.10","-0.1000","22"
"1234","黑松","269130","9776015","36.50","36.50","36.20","36.25","-0.0500","169"
"1235","興泰","2093","146442","69.70","70.30","69.70","70.30","0.2000","9"
"1236","宏亞","589287","13916111","23.60","23.75","23.55","23.70","0.0000","95"
"1256","鮮活果汁-KY","4193","1333340","317.50","319.00","317.50","317.50","3.0000","61"
"1301","台塑","4766158","444693594","93.80","93.80","93.00","93.00","-1.0000","7082"
"1303","南亞","3335465","259142310","77.50","77.90","77.00","77.90","0.2000","2097"
"1304","台聚","1906907","49663928","26.00","26.25","25.85","26.00","0.2000","1223"
"1305","華夏","1225827","32847277","27.05","27.05","26.65","26.75","-0.3000","1201"
"1307","三芳","92686","1952736","21.10","21.20","21.05","21.05","-0.1000","60"
"1308","亞聚","2417730","69903690","29.15","29.15","28.70","28.85","-0.3500","1361"
"1309","台達化","463412","9837154","21.25","21.40","21.10","21.10","-0.1500","335"
"1310","台苯","1831065","27846849","15.45","15.45","15.00","15.20","-0.2000","1006"
"1312","國喬","7100788","147203981","21.15","21.15","20.45","20.55","-0.6500","2522"
"1312A","國喬特","20000","565000","28.25","28.25","28.25","28.25","-0.0500","1"
"1313","聯成","1029402","15510442","15.20","15.25","14.95","14.95","-0.2500","519"
"1314","中石化","9041092","91691748","10.15","10.20","10.10","10.10","0.0000","2184"
"1315","達新","29813","2100979","70.60","70.60","70.30","70.30","-0.3000","52"
"1316","上曜","2760883","38221832","13.80","14.00","13.70","13.70","0.1000","1039"
"1319","東陽","9509538","467756293","50.00","50.00","48.65","49.10","0.2500","6207"
"1321","大洋","308295","11641390","37.60","38.05","37.50","37.95","0.4000","174"
"1323","永裕","59073","1948269","33.05","33.15","32.85","33.15","0.1000","43"
"1324","地球","3598","41373","11.50","11.50","11.50","11.50","0.0500","11"
"1325","恆大","121207","2891859","23.90","24.00","23.80","23.80","-0.0500","126"
"1326","台化","1679478","116557735","69.70","69.90","69.10","69.50","-0.4000","1211"
"1337","再生-KY","1250930","9190410","7.18","7.40","7.18","7.28","0.1100","734"
"1338","廣華-KY","124435","5717308","46.05","46.35","45.70","46.05","0.0000","123"
"1339","昭輝","121917","5502382","45.35","45.35","45.00","45.00","-0.4500","105"
"1340","勝悅-KY","118943","1332863","11.20","11.25","11.10","11.25","0.0500","437"
"1341","富林-KY","6178","432144","70.20","70.20","69.90","69.90","0.0000","53"
"1342","八貫","2338645","366190896","158.50","160.00","153.50","153.50","-4.0000","2234"
"1402","遠東新","5986672","189574790","31.75","31.75","31.60","31.65","-0.2000","2250"
"1409","新纖","2528842","45485461","17.90","18.20","17.90","17.90","0.0500","1063"
"1410","南染","53167","2094930","39.45","39.90","39.10","39.10","-0.3500","52"
"1413","宏洲","18703","177840","9.50","9.62","9.48","9.58","-0.0500","18"
"1414","東和","143195","2535483","17.90","17.90","17.65","17.70","-0.1500","103"
"1416","廣豐","1382591","16476027","11.75","12.10","11.75","11.80","0.1000","503"
"1417","嘉裕","5083932","74646621","14.70","14.95","14.35","14.40","-0.1500","1799"
"1418","東華","92094","1473419","16.20","16.30","15.70","15.80","-0.2500","127"
"1419","新紡","121019","4909622","40.65","40.70","40.50","40.50","-0.0500","40"
"1423","利華","146027","3083624","21.05","21.25","21.00","21.15","0.2000","183"
"1432","大魯閣","1046115","16925673","16.50","16.50","15.95","16.15","-0.3500","1019"
"1434","福懋","507821","14391313","28.35","28.40","28.30","28.30","-0.0500","488"
"1436","華友聯","9305","535656","57.30","57.80","57.30","57.60","0.1000","16"
"1437","勤益控","1057528","31421864","30.70","30.70","29.25","29.25","-0.9500","665"
"1438","三地開發","42149","1341761","31.90","32.00","31.60","31.80","0.0000","41"
"1439","雋揚","51557","1135254","22.10","22.35","21.90","22.05","-0.3000","28"
"1440","南紡","474700","8093528","17.10","17.10","17.00","17.00","-0.1000","291"
"1441","大東","74899","607104","8.09","8.15","8.07","8.15","0.0600","178"
"1442","名軒","1062427","36024716","33.85","34.25","33.50","33.50","-0.3500","478"
"1443","立益物流","137998","4279323","31.40","31.75","30.50","30.60","-0.2000","120"
"1444","力麗","36221249","415306528","11.40","11.70","11.25","11.30","0.3000","10363"
"1445","大宇","247032","4683151","19.00","19.10","18.85","18.90","-0.1500","108"
"1446","宏和","63620","2054200","32.40","32.50","32.20","32.25","0.0000","47"
"1447","力鵬","3869294","32058608","8.26","8.35","8.22","8.22","0.0600","1045"
"1449","佳和","403802","6401190","15.55","16.20","15.55","15.60","0.0500","479"
"1451","年興","280958","6460968","23.15","23.20","22.90","22.90","-0.2500","158"
"1452","宏益","49261","871939","17.65","17.75","17.65","17.70","0.0500","64"
"1453","大將","251672","4074306","16.15","16.45","16.05","16.05","-0.1000","197"
"1454","台富","48599","659942","13.55","13.65","13.55","13.55","0.0000","89"
"1455","集盛","599297","6522313","10.85","11.00","10.80","10.80","0.0000","338"
"1456","怡華","2073021","35389398","17.40","17.40","16.10","16.10","0.2500","701"
"1457","宜進","130097","2432700","18.75","18.75","18.65","18.70","-0.0500","83"
"1459","聯發","114988","1044350","9.10","9.14","9.01","9.08","0.0300","124"
"1460","宏遠","2046804","16590881","8.15","8.19","8.04","8.07","-0.0100","753"
"1463","強盛","85526","1235395","14.45","14.50","14.40","14.45","0.0500","138"
"1464","得力","135289","2027295","14.95","15.05","14.95","14.95","0.0000","310"
"1465","偉全","39057","557036","14.30","14.30","14.20","14.30","0.0000","52"
"1466","聚隆","22276","258772","11.65","11.70","11.55","11.70","0.0000","22"
"1467","南緯","1870270","21538718","11.50","11.55","11.45","11.50","0.0000","427"
"1468","昶和","60040","893456","15.15","15.15","14.65","14.95","-0.1500","35"
"1470","大統新創","198313","3893302","18.90","20.35","18.90","19.60","0.7500","150"
"1471","首利","14861018","150533186","10.50","10.80","9.33","9.39","-0.4900","5309"
"1472","三洋實業","9641","268149","28.50","28.50","27.50","27.90","-0.6000","11"
"1473","台南","92402","2104749","22.70","22.95","22.55","22.90","0.2000","131"
"1474","弘裕","189460","2413656","12.80","12.80","12.65","12.70","-0.1000","190"
"1475","業旺","24000","1334300","55.50","55.80","55.50","55.70","0.5000","23"
"1476","儒鴻","327682","160084228","496.50","496.50","486.50","488.00","-2.5000","455"
"1477","聚陽","1478475","329376234","223.00","224.50","221.00","222.50","-1.5000","1204"
"1503","士電","12765495","1258951163","98.00","101.00","96.60","96.70","-0.3000","9720"
"1504","東元","24871351","1108985080","44.75","45.40","44.00","44.30","-0.3000","12171"
"1506","正道","221463","4755071","21.60","21.60","21.35","21.40","-0.2000","135"
"1512","瑞利","101542","1449402","14.20","14.55","14.15","14.40","0.1000","160"
"1513","中興電","22770894","2486215737","109.00","111.00","107.50","109.00","0.0000","13941"
"1514","亞力","16627968","855832289","51.90","52.80","50.30","50.50","-1.0000","9805"
"1515","力山","452159","13548741","29.90","30.25","29.70","29.75","-0.1000","345"
"1516","川飛","159437","3262652","20.45","20.55","20.40","20.45","0.0000","97"
"1517","利奇","365468","7315255","20.05","20.20","19.95","19.95","0.0000","359"
"1519","華城","30157414","3006672201","97.20","103.50","97.20","97.90","0.8000","19473"
"1521","大億","25640","994226","39.25","39.25","38.60","38.60","-0.6500","55"
"1522","堤維西","4126607","125940586","30.40","30.75","30.35","30.40","0.2500","2167"
"1522A","堤維西甲特","6100","280150","45.95","45.95","45.90","45.90","0.0000","7"
"1524","耿鼎","3248237","82767329","25.70","25.75","25.20","25.20","-0.3000","1684"
"1525","江申","133110","9399220","70.90","71.10","70.00","70.40","-0.1000","159"
"1526","日馳","266606","11153293","42.00","42.05","41.65","41.80","-0.2500","526"
"1527","鑽全","237569","10257009","43.50","43.50","43.05","43.05","-0.4000","177"
"1528","恩德","1722472","19932792","11.55","11.70","11.45","11.55","0.1000","593"
"1529","樂事綠能","37141707","1559965534","43.25","43.90","40.25","41.75","1.6000","21258"
"1530","亞崴","301414","10389244","33.60","35.50","33.60","34.00","0.5500","305"
"1531","高林股","284597","4142411","14.45","14.65","14.40","14.65","0.2000","111"
"1532","勤美","789695","28013235","35.85","36.00","35.20","35.25","-0.6000","533"
"1533","車王電","6885026","401376763","55.00","58.60","54.90","58.60","5.3000","3263"
"1535","中宇","390919","21609605","55.30","56.00","54.70","55.00","-0.3000","381"
"1536","和大","946500","69909291","73.80","74.50","73.30","73.30","-0.4000","883"
"1537","廣隆","39844","5708681","143.50","144.00","143.00","143.00","0.5000","62"
"1538","正峰","928651","9240030","9.98","10.80","9.96","10.75","0.8900","55"
"1539","巨庭","304389","9564367","31.70","31.70","31.20","31.25","-0.2000","226"
"1540","喬福","316356","5349365","17.00","17.00","16.85","16.90","-0.1000","373"
"1541","錩泰","59016","2144725","36.60","36.85","36.00","36.10","-0.3000","42"
"1558","伸興","98852","11184433","113.00","114.00","112.50","112.50","-0.5000","130"
"1560","中砂","1102129","129192273","118.00","118.00","116.50","116.50","-1.5000","881"
"1568","倉佑","395981","9780152","24.55","24.90","24.45","24.60","0.0500","300"
"1582","信錦","131242","7885608","60.30","60.30","60.00","60.10","-0.2000","158"
"1583","程泰","20155","1371251","67.80","68.40","67.80","67.80","0.1000","31"
"1587","吉茂","48841","1127210","23.15","23.40","22.95","23.00","0.0000","76"
"1589","永冠-KY","4556377","367358623","82.20","82.50","77.40","80.00","-0.9000","2888"
"1590","亞德客-KY","364324","426600565","1190.00","1190.00","1160.00","1165.00","-10.0000","415"
"1597","直得","109185","8824878","81.40","81.50","80.40","80.90","0.4000","172"
"1598","岱宇","285148","12683124","45.20","45.25","44.10","44.10","-1.1000","229"
"1603","華電","557500","15451720","27.95","27.95","27.50","27.50","-0.2500","375"
"1604","聲寶","325641","8994490","27.75","27.75","27.55","27.60","-0.1500","431"
"1605","華新","42381977","2153992857","51.90","52.00","50.20","50.40","-1.5000","23442"
"1608","華榮","2259562","37347673","16.50","16.70","16.35","16.40","0.0500","1021"
"1609","大亞","29408128","816983815","28.45","28.50","27.30","27.45","-0.9500","14722"
"1611","中電","1997007","33924815","17.15","17.20","16.80","16.85","-0.2500","1177"
"1612","宏泰","1484645","31113134","21.35","21.35","20.65","20.85","-0.4000","903"
"1614","三洋電","21002","784025","37.50","37.50","37.25","37.35","0.0500","17"
"1615","大山","225441","8197528","36.65","36.65","36.25","36.25","-0.2500","342"
"1616","億泰","460339","4237858","9.30","9.35","9.10","9.20","0.0000","221"
"1617","榮星","19092","288548","15.05","15.10","15.05","15.10","0.0500","55"
"1618","合機","5168372","97846563","19.50","19.50","18.55","18.65","-0.8500","2760"
"1626","艾美特-KY","54587","1013256","18.55","18.70","18.50","18.55","0.0000","94"
"1701","中化","2759884","74307379","27.00","27.10","26.70","26.85","0.0000","1512"
"1702","南僑","353097","16998344","48.60","48.60","47.80","48.15","-0.3500","464"
"1707","葡萄王","349828","65205349","186.00","188.00","185.00","188.00","2.0000","795"
"1708","東鹼","2139795","91606307","43.20","43.20","42.55","42.65","-0.5500","1528"
"1709","和益","2168899","56774011","26.15","26.35","26.00","26.10","0.1000","1087"
"1710","東聯","1055447","21244563","20.40","20.45","20.00","20.00","-0.3500","585"
"1711","永光","1208264","23211929","19.40","19.45","19.05","19.10","-0.2000","637"
"1712","興農","1138629","42101135","36.95","37.15","36.75","36.90","0.0500","855"
"1713","國化","119301","3551569","29.75","30.20","29.65","29.75","0.0000","413"
"1714","和桐","2714850","25265095","9.30","9.37","9.22","9.31","0.0500","789"
"1717","長興","5653076","192419977","34.55","34.55","33.55","33.80","-0.8000","2769"
"1718","中纖","1490576","12550124","8.47","8.47","8.40","8.41","0.0000","548"
"1720","生達","10398273","706936525","65.10","69.90","64.90","68.60","4.6000","7085"
"1721","三晃","828988","11978569","14.70","14.70","14.25","14.25","-0.3500","600"
"1722","台肥","1323638","76102269","57.70","57.70","57.30","57.40","-0.1000","950"
"1723","中碳","113556","13034692","115.50","115.50","114.50","114.50","-0.5000","131"
"1725","元禎","62000","1327150","21.35","21.70","21.35","21.50","0.2000","33"
"1726","永記","58116","4331481","74.30","75.00","74.10","74.30","0.2000","51"
"1727","中華化","771275","20795428","27.35","27.35","26.55","26.60","-0.7000","553"
"1730","花仙子","15748","907707","57.60","58.10","57.30","57.70","0.1000","27"
"1731","美吾華","263679","5364022","20.55","20.55","20.15","20.15","-0.3500","193"
"1732","毛寶","144553","4094223","28.45","28.45","28.10","28.30","-0.1500","1060"
"1733","五鼎","349363","9420961","27.05","27.10","26.85","26.95","-0.1500","218"
"1734","杏輝","2732509","88741085","32.55","32.85","32.00","32.80","0.5500","1930"
"1735","日勝化","8756","135947","15.50","15.55","15.45","15.45","-0.0500","33"
"1736","喬山","375284","25917863","68.80","69.50","68.30","68.60","-0.2000","371"
"1737","臺鹽","228974","7767957","33.95","34.00","33.80","34.00","0.2000","799"
"1752","南光","13985654","1130581150","83.80","83.80","78.70","78.90","-1.4000","9499"
"1760","寶齡富錦","2157999","371782721","172.00","174.50","170.00","172.00","1.5000","1931"
"1762","中化生","3845183","360801940","92.20","95.40","91.80","94.40","1.3000","3016"
"1773","勝一","320482","41710150","132.00","132.50","128.50","128.50","-3.0000","452"
"1776","展宇","11501","194746","16.95","16.95","16.90","16.95","0.0000","13"
"1783","和康生","1142080","67085772","59.40","59.70","58.10","58.20","-0.9000","1577"
"1786","科妍","507420","36393324","70.90","72.40","70.90","71.50","0.7000","510"
"1789","神隆","1799710","49550951","28.00","28.00","27.20","27.25","-0.5000","1060"
"1795","美時","4211372","1117432951","263.50","269.50","261.00","265.50","3.5000","5074"
"1802","台玻","4427461","90941592","20.80","20.85","20.35","20.45","-0.4000","1989"
"1805","寶徠","20069","201847","10.15","10.15","10.00","10.10","-0.0500","15"
"1806","冠軍","2308799","21891679","9.41","9.63","9.33","9.35","0.0200","1126"
"1808","潤隆","817881","61271112","73.90","76.00","73.50","74.90","1.3000","529"
"1809","中釉","15739484","249410255","16.25","16.65","15.00","15.10","-0.6000","6026"
"1810","和成","20682838","569448865","27.30","27.70","27.05","27.70","2.5000","5147"
"1817","凱撒衛","69369","2734897","39.20","39.85","39.00","39.05","0.0500","48"
"1903","士紙","112214","4994778","44.50","44.85","44.10","44.45","-0.0500","96"
"1904","正隆","455370","13110840","28.80","29.00","28.70","28.75","-0.2000","556"
"1905","華紙","1953332","34462315","17.85","17.85","17.50","17.65","-0.2000","1165"
"1906","寶隆","290818","4680039","16.10","16.15","16.05","16.05","0.0000","170"
"1907","永豐餘","3228282","89927711","27.55","28.05","27.40","27.95","0.5000","1870"
"1909","榮成","1454348","25707387","17.70","17.80","17.60","17.65","-0.1000","707"
"2002","中鋼","12723013","390355974","30.80","30.80","30.60","30.70","-0.0500","7334"
"2002A","中鋼特","21104","961686","45.60","45.65","45.55","45.55","-0.1000","18"
"2006","東和鋼鐵","886285","52508478","59.50","59.50","59.00","59.30","-0.1000","901"
"2007","燁興","695595","7881995","11.40","11.45","11.20","11.25","-0.1500","302"
"2008","高興昌","21178","420060","20.00","20.00","19.75","19.80","-0.2000","23"
"2009","第一銅","1523230","51894733","34.65","34.65","33.70","33.85","-0.8000","1056"
"2010","春源","262308","4229163","16.15","16.20","16.05","16.15","0.0000","182"
"2012","春雨","305984","8426717","28.00","28.00","27.30","27.30","-0.7000","233"
"2013","中鋼構","77079","4514237","59.10","59.10","58.30","58.30","-0.5000","110"
"2014","中鴻","4224035","112252985","26.75","26.80","26.50","26.55","-0.1000","1777"
"2015","豐興","210645","14639486","69.30","69.90","69.30","69.90","0.6000","144"
"2017","官田鋼","1211393","21852379","18.30","18.35","17.80","17.90","-0.4000","865"
"2020","美亞","178628","4191466","23.50","23.60","23.40","23.40","-0.2000","122"
"2022","聚亨","841821","7064296","8.35","8.48","8.35","8.38","0.0300","368"
"2023","燁輝","1459953","23210460","16.10","16.15","15.80","15.80","-0.2000","805"
"2024","志聯","30271","582720","19.45","19.45","18.70","19.20","-0.2500","30"
"2025","千興","296490","1637991","5.59","5.73","5.47","5.50","-0.0900","81"
"2027","大成鋼","7906676","359231346","45.85","45.85","45.15","45.35","-0.3500","4405"
"2028","威致","348627","9525943","27.55","27.55","27.20","27.25","-0.3000","237"
"2029","盛餘","294371","7763690","26.50","26.65","26.20","26.40","-0.1000","247"
"2030","彰源","835264","19415550","23.40","23.40","23.20","23.20","-0.1500","430"
"2031","新光鋼","2940478","139690206","47.10","47.95","46.85","47.20","0.2000","2010"
"2032","新鋼","200545","3980451","20.10","20.10","19.75","19.85","-0.2500","133"
"2033","佳大","945394","16059028","16.90","17.40","16.35","16.35","-0.3000","484"
"2034","允強","910357","26973082","29.85","29.85","29.50","29.55","-0.2500","469"
"2038","海光","429140","9386065","22.05","22.15","21.70","21.75","-0.3000","284"
"2049","上銀","1127576","287940993","259.00","259.00","254.00","255.00","-2.0000","4302"
"2059","川湖","700143","282992299","410.00","410.00","401.00","403.00","-10.0000","1684"
"2062","橋椿","133980","3055340","22.80","22.90","22.70","22.80","0.0000","100"
"2069","運錩","217005","4401101","20.40","20.40","20.20","20.25","-0.1500","119"
"2101","南港","854056","33671188","39.85","39.85","39.30","39.40","-0.4500","500"
"2102","泰豐","644044","13736869","21.75","21.75","21.05","21.15","-0.5000","386"
"2103","台橡","541688","15263921","28.40","28.40","28.05","28.05","-0.1000","361"
"2104","國際中橡","1857021","37515038","20.20","20.30","20.10","20.15","0.0000","589"
"2105","正新","4425375","165622881","37.90","37.90","37.15","37.40","-0.5000","2588"
"2106","建大","678086","21439109","31.70","31.80","31.40","31.40","-0.4500","442"
"2107","厚生","217114","4779466","22.00","22.10","21.95","22.00","0.0000","164"
"2108","南帝","645249","25511137","39.85","39.90","39.20","39.30","-0.5500","581"
"2109","華豐","175541","2498390","14.25","14.25","14.20","14.25","-0.0500","107"
"2114","鑫永銓","17046","1702589","100.00","100.00","99.70","99.80","-0.2000","158"
"2115","六暉-KY","21251","674212","31.65","31.90","31.60","31.65","0.0000","24"
"2201","裕隆","58784529","4964702928","82.60","85.80","82.00","85.70","3.9000","36370"
"2204","中華","7278678","509750786","69.20","71.00","68.70","69.80","0.6000","5932"
"2206","三陽工業","20605886","1105625100","53.80","55.10","52.40","53.20","-1.2000","11495"
"2207","和泰車","70329","46488422","658.00","666.00","658.00","660.00","-5.0000","189"
"2208","台船","48183866","1309636762","27.90","27.90","26.55","27.30","-0.7000","22782"
"2211","長榮鋼","943118","56265804","59.70","60.10","59.20","59.40","-0.3000","804"
"2227","裕日車","24724","4871649","197.00","197.50","196.00","197.50","-0.5000","81"
"2228","劍麟","430801","37539540","85.30","88.00","85.00","87.20","1.5000","427"
"2231","為升","919049","173294280","190.50","191.00","186.50","186.50","-3.0000","1363"
"2233","宇隆","642490","77613028","122.50","123.00","119.00","119.50","-3.0000","621"
"2236","百達-KY","2256915","107167452","46.70","49.65","45.85","46.15","-0.3000","1493"
"2239","英利-KY","194612","15184791","79.00","79.00","77.60","78.20","-0.9000","198"
"2241","艾姆勒","104870","3726266","36.00","36.00","35.30","35.45","-0.4500","106"
"2243","宏旭-KY","677182","15143720","23.00","23.05","22.05","22.10","-0.7000","361"
"2247","汎德永業","423448","122212076","291.50","293.00","286.00","289.50","-2.5000","630"
"2250","IKKA-KY","43250","3264084","76.60","76.60","75.00","75.10","-1.5000","42"
"2301","光寶科","10469215","770894832","74.80","75.20","72.80","73.60","-1.7000","6926"
"2302","麗正","1839965","41128291","22.45","22.70","22.00","22.05","-0.2500","1051"
"2303","聯電","40632988","2123332298","52.10","52.80","51.90","52.10","0.1000","16240"
"2305","全友","725262","17442953","24.35","24.35","23.85","24.00","-0.4000","594"
"2308","台達電","5328768","1648759662","313.00","313.00","307.00","307.50","-2.5000","5193"
"2312","金寶","13272552","181955527","13.70","13.85","13.55","13.60","-0.1000","3767"
"2313","華通","16747231","751928170","44.80","45.35","44.55","44.60","0.0500","8728"
"2314","台揚","14842192","738183558","46.50","51.10","45.55","51.10","4.6000","7424"
"2316","楠梓電","122351","3575594","29.35","29.45","29.10","29.20","-0.1000","122"
"2317","鴻海","16151848","1682286478","104.00","104.50","103.50","104.50","0.5000","7834"
"2321","東訊","4051","90863","22.70","22.70","22.55","22.55","0.0000","16"
"2323","中環","3334169","27634310","8.27","8.33","8.26","8.30","0.0300","1006"
"2324","仁寶","15696909","394418380","25.20","25.20","25.00","25.15","0.0000","4571"
"2327","國巨","3401507","1842374726","547.00","551.00","537.00","538.00","-4.0000","2946"
"2328","廣宇","2158852","84753065","39.40","39.60","38.90","39.00","-0.3000","1373"
"2329","華泰","6596610","142647765","21.80","21.90","21.45","21.50","-0.5000","3429"
"2330","台積電","15687059","8097905529","518.00","520.00","514.00","515.00","-5.0000","17087"
"2331","精英","6538709","156041690","23.65","24.15","23.35","23.75","0.2000","2543"
"2332","友訊","5311034","100967937","19.30","19.30","18.80","19.00","-0.3000","2348"
"2337","旺宏","5321621","183273755","34.70","34.90","34.30","34.30","-0.4000","2649"
"2338","光罩","6060092","520841417","87.80","87.90","85.00","85.20","-2.2000","4309"
"2340","台亞","1635338","62696268","38.45","38.65","38.00","38.05","-0.1000","1324"
"2342","茂矽","1771404","80861077","46.10","46.40","45.15","45.35","-0.6500","1262"
"2344","華邦電","22041003","576156402","26.55","26.55","25.90","26.00","-0.5500","9646"
"2345","智邦","2373324","744203846","314.50","316.50","308.00","313.50","0.5000","1946"
"2347","聯強","1659728","103413235","62.20","62.40","62.00","62.40","0.3000","1082"
"2348","海悅","105961","7221765","68.00","68.60","67.90","68.60","0.4000","95"
"2348A","海悅甲特","1000","35900","35.90","35.90","35.90","35.90","0.0000","1"
"2349","錸德","2087743","19435329","9.37","9.43","9.25","9.29","-0.0700","1114"
"2351","順德","2288549","297609329","132.00","133.00","128.00","128.00","-5.0000","1931"
"2352","佳世達","3091617","101952745","33.15","33.15","32.80","32.95","-0.0500","1680"
"2353","宏碁","7454955","218404174","29.40","29.50","29.10","29.30","-0.1000","2881"
"2354","鴻準","1289514","71065410","55.30","55.40","54.80","54.80","-0.2000","1252"
"2355","敬鵬","778648","25401541","32.50","32.80","32.50","32.60","0.0500","513"
"2356","英業達","12706134","405222555","31.70","32.20","31.45","32.20","0.5000","4455"
"2357","華碩","1179437","328344204","281.50","282.00","277.00","278.50","-2.5000","1763"
"2358","廷鑫","831112","7947858","9.80","9.80","9.50","9.62","-0.1000","356"
"2359","所羅門","18732876","666905678","35.45","36.35","34.40","35.15","-0.3000","9599"
"2360","致茂","788240","140044581","177.50","179.00","176.50","178.00","1.0000","2159"
"2362","藍天","519445","15883330","30.50","30.70","30.45","30.60","0.1500","367"
"2363","矽統","1729347","32092982","18.55","18.70","18.40","18.40","-0.1000","876"
"2364","倫飛","1617984","184626337","115.00","118.50","110.00","110.00","-3.5000","1475"
"2365","昆盈","572487","6246701","11.00","11.00","10.85","10.85","-0.0500","607"
"2367","燿華","2714434","50955433","18.70","18.95","18.65","18.70","0.0000","1218"
"2368","金像電","7134328","723935202","103.00","103.00","100.00","101.50","-1.0000","3852"
"2369","菱生","2239594","35154156","15.75","15.85","15.50","15.70","0.1000","947"
"2371","大同","4393205","147133816","33.70","33.75","33.20","33.30","-0.3000","1861"
"2373","震旦行","151106","12282221","80.00","83.00","80.00","80.80","1.0000","200"
"2374","佳能","746087","15415964","20.60","20.80","20.45","20.75","0.2000","444"
"2375","凱美","2486288","193658552","78.00","78.90","76.20","76.90","-0.5000","1868"
"2376","技嘉","5405895","733098191","136.00","137.00","134.50","135.50","0.5000","3436"
"2377","微星","1823305","268267973","147.50","148.00","146.00","147.50","0.0000","1533"
"2379","瑞昱","2784102","1101771845","397.00","402.00","392.00","392.50","-7.5000","2924"
"2380","虹光","915934","9659363","10.90","10.90","10.40","10.40","0.0500","390"
"2382","廣達","12185341","998431370","81.50","82.80","81.20","82.60","1.3000","7890"
"2383","台光電","495250","90441807","184.00","184.00","181.50","182.00","-1.5000","527"
"2385","群光","1404218","134244942","95.80","95.90","95.00","95.90","0.5000","867"
"2387","精元","1127379","50549192","45.05","45.20","44.30","44.65","-0.3000","740"
"2388","威盛","5898476","481735365","82.90","83.20","80.50","80.50","-1.6000","4459"
"2390","云辰","1028798","13352619","13.15","13.15","12.85","13.00","-0.1000","840"
"2392","正崴","4353628","188899086","43.75","44.05","42.90","42.95","-0.4000","2881"
"2393","億光","450296","18188524","40.45","40.55","40.30","40.40","0.0000","319"
"2395","研華","461227","171298531","376.00","376.00","370.00","371.00","-5.0000","608"
"2397","友通","61111","4252137","69.90","69.90","69.30","69.30","-0.6000","236"
"2399","映泰","1381067","21921428","16.05","16.05","15.75","15.80","-0.2500","1537"
"2401","凌陽","6536508","170439269","26.50","26.50","25.60","25.60","0.2000","3454"
"2402","毅嘉","9448213","262877794","28.05","28.40","27.35","27.55","-0.2500","5214"
"2404","漢唐","1099704","231647979","212.50","212.50","209.50","210.00","-2.5000","1360"
"2405","輔信","2906109","38134675","13.10","13.25","13.00","13.00","0.0000","1595"
"2406","國碩","2915732","58642677","19.90","20.35","19.85","19.85","0.0500","1976"
"2408","南亞科","6674245","449920907","67.60","67.90","67.00","67.30","-0.7000","4018"
"2409","友達","49208600","926685050","19.10","19.15","18.70","18.75","-0.3500","9708"
"2412","中華電","9350920","1174365374","125.00","126.00","125.00","126.00","0.5000","5181"
"2413","環科","16940557","720843529","42.15","44.75","40.95","41.10","-0.4000","9906"
"2414","精技","101277","3505416","34.50","34.70","34.50","34.60","0.1000","91"
"2415","錩新","118876","2983509","25.30","25.30","24.85","25.10","-0.0500","186"
"2417","圓剛","497786","11989957","23.80","24.35","23.80","23.95","0.2000","375"
"2419","仲琦","8216137","240918896","29.15","29.95","28.70","28.70","-0.3500","4223"
"2420","新巨","582718","26000570","44.95","45.00","44.30","44.35","-0.6000","548"
"2421","建準","6840410","376953639","56.80","56.80","54.30","55.00","-1.0000","5001"
"2423","固緯","544507","18860997","34.10","35.45","34.05","34.65","0.7500","398"
"2424","隴華","22587","517690","22.50","23.50","22.50","23.00","0.3000","38"
"2425","承啟","1312417","42977517","33.25","33.25","32.55","32.90","-0.1500","658"
"2426","鼎元","1578486","30703228","19.50","19.60","19.30","19.30","-0.0500","535"
"2427","三商電","2804965","42973469","15.20","15.60","15.10","15.20","0.0000","1314"
"2428","興勤","865690","140150375","163.00","165.50","159.50","160.00","-3.0000","1090"
"2429","銘旺科","862584","18164569","21.55","21.60","20.15","20.40","0.5500","435"
"2430","燦坤","180439","7658887","42.70","42.70","42.30","42.40","-0.2500","220"
"2431","聯昌","680440","7890651","11.70","11.75","11.50","11.50","-0.1000","224"
"2433","互盛電","41017","2181503","53.00","53.50","53.00","53.10","-0.2000","30"
"2434","統懋","5989","177076","30.00","30.00","29.40","29.40","-0.3500","13"
"2436","偉詮電","1076987","57061479","53.80","53.80","52.40","52.50","-0.9000","956"
"2438","翔耀","534796","13746798","25.75","25.95","25.40","25.85","-0.0500","259"
"2439","美律","945535","85110794","91.00","91.00","89.40","89.50","-1.3000","1029"
"2440","太空梭","269428","3182704","11.95","11.95","11.70","11.80","-0.1500","158"
"2441","超豐","560681","30638449","55.00","55.00","54.40","54.50","-0.2000","460"
"2442","新美齊","1393657","22453699","16.10","16.35","15.90","16.15","0.0500","564"
"2443","昶虹","779485","3294187","4.28","4.65","3.97","4.10","-0.1700","221"
"2444","兆勁","1816664","31334193","17.20","17.40","17.05","17.40","0.3000","847"
"2449","京元電子","11824337","546624519","46.90","47.00","45.90","46.00","-0.6500","6398"
"2450","神腦","53281","1882029","35.35","35.40","35.20","35.20","-0.1500","77"
"2451","創見","293019","21169558","72.50","72.50","72.00","72.30","-0.1000","294"
"2453","凌群","33274711","2658393321","83.00","84.00","76.50","77.10","-1.9000","18108"
"2454","聯發科","15093599","10480918174","702.00","703.00","685.00","688.00","-21.0000","49991"
"2455","全新","2819844","269570883","95.60","96.40","94.30","95.30","-0.3000","2522"
"2457","飛宏","110629486","8564001501","76.60","79.30","75.90","76.40","0.5000","58643"
"2458","義隆","1097807","112124765","103.50","103.50","101.50","101.50","-1.0000","833"
"2459","敦吉","96545","5539590","57.30","57.60","57.20","57.30","0.2000","85"
"2460","建通","2925681","72679362","25.50","25.70","24.30","24.85","0.2500","1657"
"2461","光群雷","399045","9044000","22.80","22.80","22.60","22.60","-0.0500","252"
"2462","良得電","1654550","55194957","33.30","33.85","32.80","32.80","-0.3000","773"
"2464","盟立","114542","4385269","38.40","38.40","38.20","38.20","-0.2000","134"
"2465","麗臺","402496","15719237","39.10","39.50","38.90","38.90","-0.1000","343"
"2466","冠西電","22021","769235","35.05","35.10","34.85","34.90","-0.1500","18"
"2467","志聖","101775","4952354","48.65","48.75","48.55","48.55","-0.1000","127"
"2468","華經","1043883","28305554","27.70","27.75","26.65","26.65","-0.6500","809"
"2471","資通","13985810","823358187","61.00","63.20","55.40","55.90","-3.1000","9626"
"2472","立隆電","3520512","240433999","68.30","69.20","67.10","67.10","-0.4000","2435"
"2474","可成","1960811","359351574","185.50","185.50","181.50","183.00","-1.5000","10137"
"2476","鉅祥","3108763","178476133","57.70","58.30","56.40","57.00","-1.0000","1960"
"2477","美隆電","225928","4892912","21.60","21.85","21.55","21.70","0.2000","147"
"2478","大毅","318750","16219954","51.30","51.50","50.30","50.30","-0.2000","327"
"2480","敦陽科","300154","30035309","101.50","102.00","99.40","100.00","-0.5000","371"
"2481","強茂","5541801","400980292","72.80","73.30","71.30","71.60","-0.6000","4356"
"2482","連宇","4320381","318080437","75.50","76.00","71.50","72.50","-2.3000","3493"
"2483","百容","485103","13582691","28.50","28.50","27.60","27.80","-0.5000","398"
"2484","希華","1642103","61958304","37.60","37.95","37.40","37.80","0.3000","1381"
"2485","兆赫","2537080","52818155","20.70","21.15","20.60","20.65","-0.3000","1873"
"2486","一詮","10939684","334752530","31.30","31.50","29.80","30.45","-0.8000","5859"
"2488","漢平","143097","4456043","31.20","31.30","31.05","31.05","-0.0500","138"
"2489","瑞軒","1647261","17147221","10.40","10.45","10.30","10.45","0.0500","877"
"2491","吉祥全","50072","604002","12.30","12.30","11.95","11.95","0.0500","54"
"2492","華新科","4368585","470159405","107.50","110.00","105.50","106.00","-1.0000","3310"
"2493","揚博","80898","4365624","54.00","54.20","53.80","54.20","0.1000","99"
"2495","普安","12926325","334167670","25.00","26.70","24.70","26.70","2.4000","5478"
"2496","卓越","45401","2329245","51.40","51.40","51.20","51.30","-0.1000","25"
"2497","怡利電","1973414","151611742","77.80","78.30","76.10","76.20","-1.1000","1509"
"2498","宏達電","10540869","675872570","65.00","65.30","63.30","63.30","-1.3000","5210"
"2501","國建","999730","17231972","17.40","17.40","17.15","17.20","-0.2000","420"
"2504","國產","2232817","62503237","27.95","28.10","27.85","28.05","0.1500","815"
"2505","國揚","279954","5191640","18.60","18.65","18.40","18.50","-0.0500","134"
"2506","太設","416992","3922186","9.42","9.45","9.37","9.39","-0.0200","148"
"2509","全坤建","65384","1001039","15.20","15.30","15.20","15.25","0.0500","313"
"2511","太子","171827","2016620","11.80","11.80","11.70","11.75","-0.0500","102"
"2514","龍邦","139395","2421602","17.30","17.45","17.25","17.30","0.0500","44"
"2515","中工","54281804","593705562","11.20","11.25","10.70","10.85","-0.4500","10007"
"2516","新建","199413","1006016","5.04","5.07","5.02","5.04","0.0000","238"
"2520","冠德","476763","14475395","30.45","30.45","30.30","30.30","-0.1500","430"
"2524","京城","48699","1553871","32.00","32.00","31.85","31.85","-0.1000","32"
"2527","宏璟","77844","1779139","22.95","22.95","22.80","22.85","0.0500","65"
"2528","皇普","326313","7882240","23.80","24.50","23.80","24.30","0.5000","190"
"2530","華建","424468","8072501","19.15","19.15","18.95","19.00","-0.1500","228"
"2534","宏盛","1691818","38582067","22.90","22.95","22.70","22.85","-0.0500","1056"
"2535","達欣工","3987594","134653511","33.75","34.00","33.40","33.70","-0.1500","1787"
"2536","宏普","75700","1844962","24.45","24.45","24.30","24.35","-0.1000","41"
"2537","聯上發","676677","4753456","7.10","7.10","6.98","7.00","-0.0900","453"
"2538","基泰","950375","12663710","13.10","13.50","13.10","13.35","0.2500","329"
"2539","櫻花建","316192","11863442","37.50","37.65","37.40","37.40","-0.1000","204"
"2540","愛山林","797207","64113504","79.40","81.50","79.30","80.20","0.9000","506"
"2542","興富發","2350604","99096255","42.05","42.30","42.05","42.10","0.0500","1468"
"2543","皇昌","153262","1462627","9.66","9.66","9.51","9.53","-0.1300","76"
"2545","皇翔","514346","23837790","46.70","46.70","46.15","46.25","-0.3000","512"
"2546","根基","49310","3431880","68.90","70.00","68.90","69.60","0.4000","95"
"2547","日勝生","811148","7556125","9.43","9.43","9.27","9.27","-0.1200","410"
"2548","華固","355509","33304393","94.10","94.10","93.50","93.90","0.1000","386"
"2597","潤弘","34863","4267924","123.00","123.00","122.00","122.00","-0.5000","82"
"2601","益航","13100217","126686941","9.50","9.94","9.34","9.69","0.2600","5222"
"2603","長榮","35099767","6044739822","175.50","175.50","169.00","170.00","-4.5000","20124"
"2605","新興","4808821","119173674","25.35","25.45","24.50","24.50","-0.7500","2644"
"2606","裕民","3419913","196292529","58.90","58.90","56.70","56.70","-1.8000","2486"
"2607","榮運","2287282","64719708","28.60","28.60","28.05","28.10","-0.3000","1359"
"2608","嘉里大榮","160878","6211257","38.70","38.70","38.55","38.60","-0.2000","141"
"2609","陽明","28518802","1913306782","68.40","68.40","66.30","66.40","-1.3000","17393"
"2610","華航","18138045","351376592","19.50","19.50","19.30","19.30","-0.2000","6704"
"2611","志信","830298","11564371","14.30","14.30","13.70","13.70","-0.3000","598"
"2612","中航","278410","11212010","40.85","40.85","40.00","40.00","-0.6000","306"
"2613","中櫃","240311","5494442","23.05","23.20","22.65","22.80","-0.2500","237"
"2614","東森","2671516","51917145","19.95","19.95","19.20","19.25","-0.5500","2202"
"2615","萬海","8552834","596736065","71.00","71.10","69.00","69.00","-1.5000","6279"
"2616","山隆","113571","3681515","32.50","32.50","32.35","32.40","-0.1000","230"
"2617","台航","1490017","48856561","33.25","33.25","32.45","32.55","-0.3500","759"
"2618","長榮航","17711152","473627888","27.00","27.00","26.60","26.65","-0.4000","7669"
"2630","亞航","13136555","355805725","27.50","28.60","25.60","27.20","0.6000","7311"
"2633","台灣高鐵","3299827","102804547","31.20","31.30","31.05","31.10","-0.0500","1687"
"2634","漢翔","124085244","7024086507","57.90","58.80","54.70","55.90","-2.1000","60170"
"2636","台驊投控","1050440","84274219","80.70","81.50","78.90","79.20","-1.0000","1600"
"2637","慧洋-KY","5380002","350036542","66.40","66.40","64.60","64.60","-1.4000","3502"
"2642","宅配通","107228","5017558","47.00","47.00","46.70","46.75","-0.2500","122"
"2645","長榮航太","11769591","1434452999","123.00","128.00","116.50","121.00","-1.5000","7471"
"2701","萬企","229780","2959891","12.90","12.95","12.85","12.85","-0.0500","100"
"2702","華園","353041","8445769","24.05","24.15","23.75","23.75","-0.2500","314"
"2704","國賓","341060","12701443","37.05","37.65","37.00","37.15","0.1000","276"
"2705","六福","862051","15369915","17.80","18.00","17.65","17.85","0.0000","427"
"2706","第一店","650582","9805070","15.10","15.20","15.00","15.00","-0.1500","277"
"2707","晶華","2333988","695129180","292.00","303.50","290.50","294.00","2.5000","2670"
"2712","遠雄來","123001","4361685","36.00","36.00","35.25","35.60","-0.1000","81"
"2722","夏都","791182","41666330","52.80","53.40","52.00","53.00","-0.2000","564"
"2723","美食-KY","2138389","332166504","153.50","158.00","152.00","155.50","4.5000","1784"
"2727","王品","5911622","1869985286","313.50","322.50","308.50","316.00","11.5000","7638"
"2731","雄獅","4970898","900682263","184.50","186.50","176.00","177.50","-3.0000","3664"
"2739","寒舍","1552951","104052045","68.80","68.80","65.00","67.70","-1.0000","1049"
"2748","雲品","6333850","615246204","98.30","99.20","95.30","95.70","-1.0000","4726"
"2753","八方雲集","618149","113862458","184.00","186.00","183.00","183.50","-0.5000","747"
"2801","彰銀","2986647","52341138","17.50","17.55","17.45","17.55","0.0500","1046"
"2809","京城銀","449811","15628147","34.70","34.85","34.55","34.75","0.1000","403"
"2812","台中銀","4989162","70344496","14.15","14.15","14.05","14.05","-0.1000","2836"
"2816","旺旺保","39180","600245","15.25","15.40","15.25","15.35","0.1000","21"
"2820","華票","340380","5131313","15.05","15.15","15.05","15.15","0.1000","190"
"2832","台產","203145","4298069","21.10","21.25","21.10","21.10","0.0000","108"
"2834","臺企銀","14358678","199418226","13.95","13.95","13.85","13.90","-0.0500","3842"
"2836","高雄銀","246854","3035093","12.35","12.35","12.25","12.30","-0.0500","159"
"2836A","高雄銀甲特","13000","287950","22.15","22.15","22.15","22.15","-0.0500","8"
"2838","聯邦銀","389876","6165318","15.90","15.90","15.75","15.80","-0.1000","263"
"2838A","聯邦銀甲特","56501","2921656","51.70","51.80","51.70","51.80","0.1000","23"
"2845","遠東銀","2307009","25773297","11.15","11.20","11.15","11.15","0.0000","567"
"2849","安泰銀","82600","1215897","14.70","14.80","14.70","14.70","-0.0500","40"
"2850","新產","126038","6336175","50.20","50.60","50.20","50.40","0.2000","147"
"2851","中再保","1732803","32150999","18.50","18.65","18.45","18.60","0.1000","748"
"2852","第一保","143506","2267017","15.80","15.85","15.75","15.80","0.0000","77"
"2855","統一證","1244721","21108022","16.80","17.10","16.70","17.00","0.2000","615"
"2867","三商壽","27236789","141476409","5.28","5.28","5.15","5.17","-0.1000","5072"
"2880","華南金","5942150","134864819","22.70","22.75","22.60","22.70","0.0000","2337"
"2881","富邦金","6772770","396286028","58.60","58.70","58.20","58.60","0.1000","4227"
"2881A","富邦特","100388","6184263","61.60","61.70","61.60","61.60","0.0000","30"
"2881B","富邦金乙特","59148","3533739","59.90","59.90","59.70","59.90","0.0000","24"
"2881C","富邦金丙特","72425","4253129","58.80","58.80","58.30","58.30","-0.5000","74"
"2882","國泰金","10598683","456262977","43.15","43.30","42.75","43.10","-0.1000","5617"
"2882A","國泰特","64081","3823631","59.70","59.80","59.60","59.80","0.0000","24"
"2882B","國泰金乙特","71002","4236218","60.00","60.00","59.60","59.80","0.0000","21"
"2883","開發金","19835929","261231220","13.25","13.25","13.10","13.15","-0.1000","6752"
"2883B","開發金乙特","1215028","9184058","7.57","7.57","7.55","7.56","-0.0100","196"
"2884","玉山金","11906783","300523118","25.20","25.30","25.10","25.30","0.0500","6387"
"2885","元大金","8020970","180535278","22.50","22.60","22.40","22.50","0.0000","2682"
"2886","兆豐金","22609293","771488153","34.00","34.50","33.95","34.20","0.7500","10189"
"2887","台新金","12544383","215848710","17.20","17.25","17.10","17.25","0.0500","3931"
"2887E","台新戊特","45256","2295781","50.80","50.80","50.70","50.70","-0.1000","34"
"2887F","台新戊特二","98","4737","","","","","0.0000","2"
"2887Z1","台新己特","112","1886","","","","","0.0000","3"
"2888","新光金","18279534","155969963","8.57","8.57","8.51","8.52","-0.0500","4529"
"2888A","新光金甲特","41851","1466009","35.05","35.25","35.00","35.05","-0.2500","33"
"2888B","新光金乙特","70372","2455930","34.90","34.90","34.85","34.90","0.0000","43"
"2889","國票金","3788089","47509039","12.50","12.65","12.45","12.60","0.1000","1281"
"2890","永豐金","14298771","240106802","16.80","16.85","16.70","16.80","0.0000","4713"
"2891","中信金","14290042","320495202","22.50","22.50","22.35","22.40","-0.1000","5345"
"2891B","中信金乙特","50338","3000093","59.60","59.60","59.60","59.60","0.0000","43"
"2891C","中信金丙特","9176","544317","59.10","59.80","59.10","59.80","0.0000","15"
"2892","第一金","7696546","206591386","26.75","26.90","26.70","26.90","0.1500","2692"
"2897","王道銀行","13518908","140140542","10.30","10.50","10.25","10.30","0.1000","3113"
"2897A","王道銀甲特","966649","10241038","10.55","10.65","10.55","10.55","0.0500","179"
"2901","欣欣","10133","253559","25.00","25.05","24.95","25.05","0.0000","108"
"2903","遠百","732674","16512700","22.55","22.60","22.50","22.60","0.0500","416"
"2904","匯僑","85902","1781536","20.70","20.90","20.65","20.65","-0.1500","61"
"2905","三商","188297","2891312","15.35","15.50","15.30","15.40","0.0000","172"
"2906","高林","1376814","24607512","18.25","18.30","17.55","17.60","-0.3500","884"
"2908","特力","207641","4366393","21.00","21.05","20.95","21.05","0.1500","82"
"2910","統領","1100","32615","29.65","29.65","29.65","29.65","0.0000","2"
"2911","麗嬰房","190116","1382862","7.23","7.30","7.23","7.27","0.0400","297"
"2912","統一超","1279222","345722525","271.00","273.00","269.00","269.50","-1.5000","1230"
"2913","農林","541584","11837659","21.85","21.90","21.80","21.80","-0.1000","882"
"2915","潤泰全","2730162","156920685","58.00","58.00","57.10","57.20","-0.8000","1968"
"2923","鼎固-KY","22939","529648","23.15","23.20","23.00","23.00","0.0500","176"
"2929","淘帝-KY","617964","8739884","14.30","14.30","13.95","14.00","-0.2000","555"
"2939","凱羿-KY","54014","1849975","34.80","34.80","34.00","34.05","-0.9000","34"
"2945","三商家購","16030","669255","41.80","41.85","41.65","41.65","-0.1000","19"
"3002","歐格","503454","6439841","12.90","12.95","12.65","12.80","0.0000","259"
"3003","健和興","1967429","151989155","78.40","78.90","76.50","76.50","-1.9000","1840"
"3004","豐達科","8918736","994774184","107.50","115.50","103.00","115.50","10.5000","5873"
"3005","神基","6710200","395135045","58.80","59.60","58.20","58.90","0.4000","4618"
"3006","晶豪科","7260263","647570928","90.20","91.00","88.10","88.50","-1.7000","5237"
"3008","大立光","851356","1789830595","2125.00","2150.00","2080.00","2085.00","-40.0000","3728"
"3010","華立","171228","15137630","88.70","88.70","88.20","88.30","-0.2000","186"
"3011","今皓","4004373","117869413","29.75","30.30","28.75","28.95","-0.7500","1796"
"3013","晟銘電","21529457","521958815","24.05","25.15","23.60","23.70","-0.3000","9843"
"3014","聯陽","427985","38824772","91.70","91.70","90.20","90.40","-1.2000","499"
"3015","全漢","1990143","99380865","51.90","51.90","48.75","49.30","-2.5000","1488"
"3016","嘉晶","1137702","80341231","71.50","71.50","70.00","70.10","-1.4000","1010"
"3017","奇鋐","13146464","2019307903","157.50","161.00","149.00","152.50","-3.5000","10028"
"3019","亞光","1504959","101988085","69.00","69.00","67.10","67.30","-1.2000","1254"
"3021","鴻名","153878","3436251","22.60","22.60","22.15","22.30","-0.1000","116"
"3022","威強電","4763307","407582227","84.10","87.00","82.80","86.10","2.7000","3380"
"3023","信邦","244771","82493787","339.00","339.00","334.50","338.00","2.0000","332"
"3024","憶聲","702815","10441623","14.80","14.90","14.75","14.90","0.1500","366"
"3025","星通","26109847","949314800","36.60","38.25","34.00","34.80","-1.5000","13448"
"3026","禾伸堂","196045","20551619","105.50","105.50","104.50","104.50","-0.5000","209"
"3027","盛達","6801295","330206231","48.50","49.25","48.00","48.10","0.1000","4499"
"3028","增你強","404040","13204400","32.80","32.90","32.55","32.65","0.1500","345"
"3029","零壹","10483396","611227668","59.80","60.50","57.00","57.30","-2.3000","8288"
"3030","德律","346629","22665481","65.50","65.60","65.10","65.30","-0.2000","289"
"3031","佰鴻","203924","3865032","19.15","19.15","18.85","18.90","-0.2500","182"
"3032","偉訓","15147192","823758973","55.20","56.30","51.40","54.70","0.4000","7814"
"3033","威健","1277583","39292762","30.85","30.90","30.65","30.70","-0.1000","779"
"3034","聯詠","2829259","1281718471","458.00","458.00","450.00","451.00","-7.0000","3900"
"3035","智原","6224190","1207135246","196.00","197.00","191.00","191.50","-3.0000","4919"
"3036","文曄","978877","66941443","67.90","68.70","67.70","68.50","0.8000","865"
"3036A","文曄甲特","17002","829247","48.75","48.80","48.75","48.75","0.0000","16"
"3037","欣興","15503960","2131932943","139.50","140.00","136.00","136.50","-2.5000","12362"
"3038","全台","6368753","183584772","28.80","29.40","28.35","28.65","0.3500","2847"
"3040","遠見","14488","474558","32.90","32.90","32.60","32.75","0.0500","17"
"3041","揚智","626033","13286800","21.20","21.45","21.10","21.15","0.0500","478"
"3042","晶技","755896","66670087","88.10","88.50","87.90","88.10","0.2000","611"
"3043","科風","117213","4892910","42.90","42.90","41.00","41.30","-0.4500","194"
"3044","健鼎","831848","96266599","116.00","116.50","115.00","116.00","0.0000","833"
"3045","台灣大","2169945","227639369","105.00","105.50","104.50","105.00","0.0000","1602"
"3046","建碁","19404396","1550557196","81.00","83.50","76.60","77.20","-2.3000","13257"
"3047","訊舟","3931342","66532689","17.20","17.20","16.75","16.80","-0.2500","1776"
"3048","益登","774349","22270211","28.80","28.90","28.65","28.75","0.2000","448"
"3049","和鑫","3988005","41926632","10.60","10.65","10.40","10.50","-0.1000","1174"
"3050","鈺德","1427208","22932043","15.95","16.15","15.90","16.10","0.2500","439"
"3051","力特","1567128","31332020","19.90","20.30","19.75","19.80","0.1000","1330"
"3052","夆典","303913","3425671","11.35","11.35","11.20","11.30","0.0000","222"
"3054","立萬利","32000","605750","19.05","19.05","18.90","19.00","-0.1000","21"
"3055","蔚華科","215132","6423755","29.70","30.75","29.35","29.65","0.0000","222"
"3056","總太","5588286","278768161","49.70","50.40","49.50","49.55","0.0500","4872"
"3057","喬鼎","1357769","16925774","11.80","12.85","11.70","12.85","1.1500","774"
"3058","立德","15534608","309725098","19.50","20.90","19.15","20.25","1.1000","7238"
"3059","華晶科","1658958","59469302","36.20","36.25","35.50","35.60","-0.5000","1935"
"3060","銘異","645794","11743219","18.15","18.40","18.00","18.30","0.2000","559"
"3062","建漢","14664829","359911159","23.75","25.00","23.45","24.50","0.9000","7634"
"3090","日電貿","745261","44183487","59.50","59.70","59.00","59.00","-0.5000","557"
"3092","鴻碩","697405","25995157","37.50","37.75","36.80","36.95","-0.2500","537"
"3094","聯傑","5426835","188660849","33.80","35.25","33.45","34.65","0.8500","2585"
"3130","一零四","79267","16834738","214.00","219.50","208.00","208.50","-3.5000","425"
"3138","耀登","2164273","365396594","165.50","173.50","163.50","169.50","5.0000","2096"
"3149","正達","1371489","25693104","18.25","19.00","18.25","18.75","0.4500","749"
"3164","景岳","196120","4988733","25.40","25.80","25.05","25.15","-0.0500","202"
"3167","大量","52150","2293371","43.55","44.10","43.55","43.95","0.0500","31"
"3189","景碩","2189746","247404668","113.50","114.00","112.00","112.50","-1.0000","1872"
"3209","全科","1690425","72512676","43.15","43.15","42.70","42.70","-0.2500","1495"
"3229","晟鈦","61002","1214695","19.95","20.00","19.80","19.85","-0.1000","45"
"3231","緯創","44010719","1919139650","44.65","44.70","43.10","43.45","-0.7500","20318"
"3257","虹冠電","93823","5428759","58.80","58.80","57.30","57.30","-1.1000","146"
"3266","昇陽","222230","2873106","12.90","13.00","12.90","12.95","0.0500","62"
"3296","勝德","781537","13906847","17.75","17.95","17.55","17.95","0.2500","465"
"3305","昇貿","12984898","732334920","55.30","58.00","55.30","55.60","2.6000","7997"
"3308","聯德","843085","26257065","31.35","32.00","30.50","31.00","-0.5500","713"
"3311","閎暉","27867","976439","35.40","35.40","34.90","34.90","-0.4000","57"
"3312","弘憶股","909189","19771332","21.70","21.85","21.65","21.70","0.1000","653"
"3321","同泰","234895","1504618","6.28","6.47","6.28","6.36","0.0800","85"
"3338","泰碩","2171434","104397265","48.90","48.95","47.35","47.70","-0.6000","1554"
"3346","麗清","2064456","88435978","42.05","43.35","42.05","42.50","0.7000","1348"
"3356","奇偶","1147761","47103466","41.05","41.55","40.55","40.65","-0.1500","769"
"3376","新日興","329878","29431599","89.10","89.70","88.70","89.00","-0.1000","281"
"3380","明泰","9859328","379994639","37.55","39.55","37.00","38.40","0.9500","5570"
"3406","玉晶光","1246189","489710599","395.50","396.50","390.00","390.00","-3.0000","1547"
"3413","京鼎","476861","92703177","195.50","196.00","193.50","194.00","-2.0000","626"
"3416","融程電","474341","50963680","105.50","109.00","104.00","107.50","2.5000","369"
"3419","譁裕","3369897","69590714","20.70","20.95","20.35","20.40","0.1000","1749"
"3432","台端","666408","9557909","14.35","14.50","14.25","14.25","-0.1000","363"
"3437","榮創","152636","3154705","20.95","21.00","20.50","20.50","-0.2000","195"
"3443","創意","4630740","4865581350","1080.00","1090.00","1025.00","1025.00","-45.0000","6161"
"3447","展達","2090383","123897300","61.40","62.00","57.80","58.50","-3.3000","1695"
"3450","聯鈞","211699","8560040","40.55","40.65","40.05","40.05","-0.4500","252"
"3454","晶睿","1586294","386431755","249.50","249.50","240.50","241.00","-6.0000","1589"
"3481","群創","53625104","789939560","14.95","14.95","14.60","14.65","-0.2500","13216"
"3494","誠研","396529","2782781","7.01","7.10","7.00","7.07","0.0100","348"
"3501","維熹","1197097","65782325","54.30","55.50","53.90","55.00","1.0000","899"
"3504","揚明光","1128107","99271874","89.10","89.60","86.70","86.70","-2.9000","1534"
"3515","華擎","682682","96650570","144.00","144.00","140.50","140.50","-3.5000","602"
"3518","柏騰","1293005","42079606","32.20","33.00","32.10","32.35","0.2500","700"
"3528","安馳","219236","13837785","63.60","64.40","62.50","63.00","-0.6000","267"
"3530","晶相光","82262","7189862","87.70","88.20","86.60","86.60","-1.0000","84"
"3532","台勝科","1467375","236737028","162.50","163.50","159.00","159.00","-2.5000","1372"
"3533","嘉澤","311768","290145543","940.00","943.00","922.00","928.00","-9.0000","689"
"3535","晶彩科","419838","9469467","22.55","22.75","22.45","22.45","-0.1000","207"
"3543","州巧","241002","5269646","22.00","22.20","21.75","21.80","0.1000","93"
"3545","敦泰","6012879","530795178","89.00","89.40","87.50","87.80","-1.5000","5147"
"3550","聯穎","544846","8846028","16.00","16.45","15.95","16.35","0.4000","300"
"3557","嘉威","547835","38092614","67.80","70.80","67.70","70.70","3.1000","524"
"3563","牧德","48845","9298808","189.50","191.50","189.00","190.50","0.5000","471"
"3576","聯合再生","17868671","384698183","21.30","21.75","21.25","21.35","0.2000","6484"
"3583","辛耘","405200","35625511","88.00","88.40","87.40","87.70","0.1000","634"
"3588","通嘉","2638007","172737866","63.40","67.80","62.20","65.30","2.8000","2162"
"3591","艾笛森","8243510","211907837","25.00","26.45","25.00","25.45","0.6500","3885"
"3592","瑞鼎","4618706","2036326462","435.00","449.00","428.50","444.50","19.0000","4923"
"3593","力銘","22297","281102","12.60","12.75","12.55","12.70","-0.0500","160"
"3596","智易","931068","99073736","106.50","107.00","105.50","106.00","0.0000","1059"
"3605","宏致","253629","8055227","31.60","32.15","31.60","31.60","0.0500","229"
"3607","谷崧","666977","9668569","14.65","14.70","14.25","14.30","-0.1500","400"
"3617","碩天","902421","119594747","134.50","135.50","130.00","130.00","-3.5000","703"
"3622","洋華","259915","8328660","32.25","32.65","31.90","32.10","0.0500","241"
"3645","達邁","797620","28822094","35.75","36.85","35.40","35.40","-0.3000","640"
"3652","精聯","2944291","100655889","34.05","35.25","33.10","33.30","-0.4000","1889"
"3653","健策","837325","397758549","475.00","479.50","470.50","475.00","0.0000","867"
"3661","世芯-KY","4470440","5836333690","1350.00","1365.00","1270.00","1280.00","-60.0000","5851"
"3665","貿聯-KY","603014","165070208","274.00","275.50","272.00","272.50","0.0000","791"
"3669","圓展","126595","5893410","46.30","46.95","46.30","46.30","0.0500","122"
"3673","TPK-KY","5493333","227973290","41.50","41.50","41.50","41.50","3.7500","1766"
"3679","新至陞","41380","3756548","91.40","91.40","90.40","90.80","0.1000","114"
"3682","亞太電","2557393","17358565","6.86","6.86","6.76","6.76","-0.0200","969"
"3686","達能","1121867","17898286","15.55","16.25","15.55","15.95","0.4500","667"
"3694","海華","844255","21555403","25.60","25.70","25.40","25.45","-0.0500","614"
"3701","大眾控","2817577","170973208","61.50","62.10","59.90","60.00","-1.6000","1844"
"3702","大聯大","2363745","119247951","50.30","50.70","50.10","50.50","0.3000","1230"
"3702A","大聯大甲特","20002","983948","49.20","49.20","49.15","49.20","0.0000","14"
"3703","欣陸","2181708","70110447","32.10","32.35","32.00","32.05","-0.1000","1194"
"3704","合勤控","18318882","783813254","40.80","43.90","40.10","43.90","3.9500","9738"
"3705","永信","807493","36433753","45.00","45.45","44.85","44.95","0.1000","581"
"3706","神達","4198859","118761630","28.55","28.55","28.15","28.25","-0.3500","2105"
"3708","上緯投控","2306106","251156382","109.00","111.00","107.00","107.00","-1.0000","1890"
"3711","日月光投控","5967014","630313381","106.00","106.50","105.00","105.50","-0.5000","3483"
"3712","永崴投控","11251477","444818169","39.65","40.35","38.80","40.00","0.1000","6422"
"3714","富采","7283171","394741377","54.10","54.90","53.60","53.90","0.0000","4272"
"3715","定穎投控","8190304","200089447","24.45","24.85","24.00","24.10","-0.1000","3890"
"4104","佳醫","477213","40957275","86.60","86.60","85.20","85.40","-1.2000","1009"
"4106","雃博","685678","21367223","31.05","31.40","30.85","31.35","0.3000","390"
"4108","懷特","251948","4893427","19.70","19.70","19.25","19.40","0.0000","530"
"4119","旭富","533982","69085052","130.00","130.50","128.00","130.00","1.0000","1084"
"4133","亞諾法","124428","4640459","37.60","37.60","37.15","37.15","-0.3000","249"
"4137","麗豐-KY","113731","25422924","224.00","225.00","222.00","223.50","0.5000","127"
"4142","國光生","2312291","94542900","40.65","41.25","40.50","40.75","0.4500","2108"
"4148","全宇生技-KY","226434","15133071","66.60","67.50","66.20","66.40","0.0000","180"
"4155","訊映","811226","27300014","33.75","33.95","33.35","33.70","-0.2500","579"
"4164","承業醫","3924317","275533634","70.60","71.90","68.60","69.20","-1.4000","2534"
"4190","佐登-KY","1072321","106583327","98.70","101.00","96.60","100.00","1.5000","1026"
"4306","炎洲","1464246","24436530","16.85","16.90","16.60","16.65","-0.2000","815"
"4426","利勤","241870","6205138","25.85","25.85","25.55","25.60","-0.2500","182"
"4438","廣越","140162","16353765","115.50","117.50","115.50","116.50","1.0000","160"
"4439","冠星-KY","42184","4794066","114.00","114.00","113.00","113.50","-0.5000","29"
"4440","宜新實業","95980","3338327","34.80","34.90","34.70","34.85","0.0000","71"
"4526","東台","628198","11425110","18.35","18.40","18.00","18.10","-0.2500","733"
"4532","瑞智","289506","5267026","18.30","18.30","18.10","18.10","-0.1500","182"
"4536","拓凱","856237","183636933","215.50","217.00","212.50","213.00","-1.0000","864"
"4540","全球傳動","256237","11280769","43.60","44.55","43.10","44.05","0.4000","211"
"4545","銘鈺","80322","2649207","33.40","33.40","32.85","32.95","-0.4500","255"
"4551","智伸科","224780","32206676","144.00","144.00","142.00","142.50","-1.0000","215"
"4552","力達-KY","199452","6820562","34.80","34.80","34.00","34.00","-0.5000","203"
"4555","氣立","159250","7683025","48.50","48.90","48.00","48.60","0.0500","111"
"4557","永新-KY","43122","4810346","111.00","112.00","111.00","111.50","0.5000","66"
"4560","強信-KY","32000","1257050","39.40","39.40","39.20","39.30","-0.1000","19"
"4562","穎漢","69487","1155983","16.75","16.75","16.50","16.70","-0.0500","58"
"4564","元翎","559062","13634424","24.50","24.55","24.25","24.30","-0.1000","1074"
"4566","時碩工業","9581581","612944861","62.80","66.30","61.10","63.90","2.9000","6322"
"4571","鈞興-KY","28000","2273500","81.40","81.50","80.90","81.20","0.4000","20"
"4572","駐龍","7530119","1241413045","162.50","171.00","156.50","166.00","7.5000","6087"
"4576","大銀微系統","96283","7629214","79.70","80.00","78.60","79.00","-0.8000","132"
"4581","光隆精密-KY","219490","11777113","53.60","54.90","52.20","52.60","-0.1000","180"
"4583","台灣精銳","76337","16482932","218.50","218.50","214.00","214.00","-3.5000","78"
"4720","德淵","337311","4921413","14.50","14.75","14.40","14.70","0.2000","144"
"4722","國精化","42548","1521587","36.00","36.00","35.50","35.50","-0.4000","103"
"4737","華廣","27026","2062071","76.20","76.70","76.20","76.20","0.0000","51"
"4739","康普","1099092","110559226","101.50","102.00","99.00","99.00","-1.0000","1186"
"4746","台耀","3968510","335188979","86.30","86.40","83.40","83.90","-2.6000","3245"
"4755","三福化","1795606","254039853","143.50","144.50","139.00","141.00","-2.5000","1548"
"4763","材料-KY","565493","262822801","483.50","483.50","454.50","454.50","-24.0000","895"
"4764","雙鍵","69000","3701100","52.90","54.80","52.90","52.90","-0.1000","36"
"4766","南寶","108673","16193051","150.00","150.00","148.00","149.50","-0.5000","120"
"4770","上品","466069","140167267","305.00","305.00","297.50","297.50","-4.0000","600"
"4807","日成-KY","63015","1345264","21.10","21.50","21.00","21.00","0.0000","57"
"4904","遠傳","2324276","181039354","77.80","78.00","77.60","77.90","0.2000","1540"
"4906","正文","5408692","174874081","32.25","32.65","31.90","32.25","-0.1000","2694"
"4912","聯德控股-KY","63701","4916920","77.40","77.40","76.80","76.80","-0.6000","151"
"4915","致伸","2817189","173701694","61.90","62.00","61.20","61.40","-0.2000","1922"
"4916","事欣科","5196481","181611989","35.70","35.75","34.35","34.45","-1.2500","3167"
"4919","新唐","4302919","643038132","150.50","151.50","147.00","147.00","-2.0000","3388"
"4927","泰鼎-KY","1838248","112288540","62.20","62.20","60.30","60.40","-1.0000","1323"
"4930","燦星網","61832","1620387","26.30","26.40","26.10","26.30","-0.0500","94"
"4934","太極","5144552","167799039","31.95","33.20","31.95","32.05","0.1500","3100"
"4935","茂林-KY","94159","5647972","60.30","60.30","59.70","59.70","-0.1000","76"
"4938","和碩","1817457","127452682","70.50","70.50","70.00","70.10","-0.6000","2613"
"4942","嘉彰","185016","7090365","38.30","38.45","38.25","38.30","0.0000","112"
"4952","凌通","260781","15188858","58.20","58.60","57.90","57.90","-0.1000","236"
"4956","光鋐","471245","8143473","17.25","17.45","17.05","17.15","0.1500","273"
"4958","臻鼎-KY","1889830","213625047","113.00","113.50","112.50","113.50","0.5000","1286"
"4961","天鈺","8500916","1569716202","183.00","187.00","182.00","184.50","3.5000","8485"
"4967","十銓","9295405","739815595","81.20","81.80","78.00","78.50","-2.4000","5692"
"4968","立積","16459709","2988784941","182.00","186.00","178.00","179.00","-0.5000","12033"
"4976","佳凌","6376288","331837293","51.20","53.20","50.50","51.00","0.2000","4675"
"4977","眾達-KY","10990338","1379630629","121.50","128.50","121.00","126.00","4.5000","6780"
"4989","榮科","106318","2907142","27.50","27.50","27.30","27.35","0.0500","109"
"4994","傳奇","157941","7219643","46.40","46.40","45.35","45.60","-0.8000","142"
"4999","鑫禾","30839","1181205","38.40","38.40","38.00","38.00","-0.3500","95"
"5007","三星","110221","5784745","52.20","52.90","52.20","52.80","0.2000","39"
"5203","訊連","1045640","107927619","106.00","106.50","101.50","101.50","-3.5000","1352"
"5215","科嘉-KY","61081","3012927","49.20","49.55","49.10","49.10","-0.1000","76"
"5222","全訊","6005911","1184996613","201.50","204.50","193.50","194.00","-7.5000","6404"
"5225","東科-KY","670378","25395068","38.00","38.60","37.60","37.65","0.0500","388"
"5234","達興材料","391315","35313041","91.50","92.40","88.80","89.40","-2.1000","685"
"5243","乙盛-KY","2915348","196933605","67.50","68.20","66.50","68.20","1.1000","1910"
"5244","弘凱","81646","2580598","31.85","31.85","31.50","31.55","-0.3000","70"
"5258","虹堡","7476026","678086613","92.50","93.20","88.50","88.50","-2.7000","5343"
"5269","祥碩","687741","876304385","1280.00","1295.00","1260.00","1270.00","0.0000","970"
"5283","禾聯碩","73719","8112982","110.50","111.00","109.50","110.00","-0.5000","68"
"5284","jpp-KY","3201912","396499857","127.00","128.50","120.00","120.50","-5.5000","2399"
"5285","界霖","662612","55478574","85.60","85.60","82.90","83.00","-1.8000","617"
"5288","豐祥-KY","21070","3759995","178.50","179.50","177.00","177.00","-1.5000","17"
"5306","桂盟","147521","21466812","145.50","146.50","144.00","146.50","1.0000","268"
"5388","中磊","2210757","194518831","88.40","88.60","87.50","88.00","-0.3000","1766"
"5434","崇越","472546","90032630","190.00","192.00","188.50","192.00","1.5000","514"
"5469","瀚宇博","919525","34981938","38.20","38.35","37.90","37.95","-0.2000","665"
"5471","松翰","334780","18282776","55.00","55.00","54.20","54.20","-0.8000","369"
"5484","慧友","292592","5328112","18.00","18.75","17.85","18.40","0.3000","208"
"5515","建國","134571","1784201","13.35","13.35","13.20","13.20","-0.1000","73"
"5519","隆大","540881","13344219","24.90","24.90","24.60","24.60","-0.1000","240"
"5521","工信","2170907","17448214","8.15","8.15","7.96","8.10","-0.0200","865"
"5522","遠雄","637382","37329832","58.40","58.90","58.00","58.70","0.6000","411"
"5525","順天","77666","2077357","26.80","26.90","26.70","26.75","-0.0500","48"
"5531","鄉林","1577799","16094952","10.45","10.50","9.99","10.10","-0.2500","631"
"5533","皇鼎","131072","2452543","18.70","18.80","18.65","18.75","0.1000","65"
"5534","長虹","310223","24726957","79.50","80.00","79.40","79.80","0.2000","261"
"5538","東明-KY","9006","375146","41.75","41.75","41.50","41.50","-0.1000","14"
"5546","永固-KY","22999","930958","40.50","40.80","40.30","40.70","0.2000","25"
"5607","遠雄港","1626632","119379721","71.80","74.90","71.20","74.00","2.5000","1364"
"5608","四維航","3426775","93009048","27.50","27.60","26.75","26.75","-0.5500","2051"
"5706","鳳凰","1130273","73719717","66.60","66.70","64.40","64.50","-1.4000","1368"
"5871","中租-KY","1411491","324034159","228.50","230.50","228.00","230.00","0.0000","1574"
"5871A","中租-KY甲特","32139","3204045","99.70","99.80","99.60","99.60","-0.1000","25"
"5876","上海商銀","3556055","165906061","47.00","47.10","46.45","46.65","-0.5000","2027"
"5880","合庫金","4299957","114173092","26.55","26.60","26.45","26.60","0.0500","2438"
"5906","台南-KY","2083","74070","35.50","35.60","35.50","35.60","0.1000","5"
"5907","大洋-KY","366373","5679654","15.50","15.70","15.35","15.45","-0.1000","176"
"6005","群益證","8476326","114223614","13.35","13.75","13.30","13.40","0.0500","2202"
"6024","群益期","227878","10040919","44.25","44.25","43.85","44.00","-0.1000","194"
"6108","競國","205532","3652044","17.60","17.85","17.60","17.80","0.2000","117"
"6112","邁達特","4538648","213872048","47.50","48.20","45.95","46.40","-0.6500","3320"
"6115","鎰勝","620889","28360060","45.25","46.40","44.95","46.00","0.8000","411"
"6116","彩晶","13267888","174977005","13.15","13.25","13.10","13.20","0.0500","2683"
"6117","迎廣","128594","1924793","14.95","15.05","14.85","14.85","0.0500","85"
"6120","達運","2527241","28975926","11.30","11.60","11.25","11.45","0.1000","1149"
"6128","上福","155610","5386509","35.00","35.00","34.50","34.55","-0.2500","118"
"6133","金橋","4474168","105890061","23.60","24.05","23.30","23.35","-0.1000","2048"
"6136","富爾特","500124","9858126","19.95","19.95","19.60","19.70","0.1000","539"
"6139","亞翔","1934580","89463680","46.95","46.95","45.85","45.90","-0.6000","1383"
"6141","柏承","54040","1018400","18.80","18.95","18.80","18.80","-0.1000","46"
"6142","友勁","6915550","101289241","15.20","15.20","14.40","14.45","-0.7000","2736"
"6152","百一","4247740","53737479","12.60","13.00","12.35","12.45","-0.0500","1562"
"6153","嘉聯益","1716434","41683357","24.30","24.50","24.05","24.10","0.0000","1024"
"6155","鈞寶","482550","13509072","28.05","28.15","27.85","27.85","-0.1500","277"
"6164","華興","643550","7764749","12.00","12.15","11.95","12.05","0.1000","256"
"6165","浪凡","170237","5146124","30.00","30.50","29.90","30.05","0.1500","136"
"6166","凌華","844568","48056419","62.10","62.10","61.50","61.70","-0.4000","105"
"6168","宏齊","1156726","29968184","26.45","26.45","25.60","25.70","-0.4500","814"
"6176","瑞儀","2366835","265395062","113.00","113.00","111.50","112.50","0.0000","1755"
"6177","達麗","875037","27933361","32.10","32.20","31.80","31.95","-0.1500","385"
"6183","關貿","19423","1236187","63.20","63.90","63.20","63.50","-0.1000","87"
"6184","大豐電","27674","1394652","50.40","50.50","50.30","50.40","0.0000","71"
"6189","豐藝","200972","8427448","42.00","42.00","41.90","41.95","0.0000","204"
"6191","精成科","2403350","82310386","34.55","34.60","34.05","34.15","-0.4000","1640"
"6192","巨路","161437","12408975","77.10","77.20","76.70","76.80","-0.2000","193"
"6196","帆宣","915859","119271259","132.00","132.00","129.00","129.50","-2.5000","967"
"6197","佳必琪","1961262","107695088","55.90","56.00","54.00","54.70","-1.1000","2076"
"6201","亞弘電","13118","569372","43.45","43.45","43.35","43.35","-0.1000","14"
"6202","盛群","683399","50725454","74.00","74.80","73.60","74.50","0.5000","600"
"6205","詮欣","1053356","84017876","80.00","80.80","78.80","79.00","-0.5000","787"
"6206","飛捷","316785","23009306","72.90","72.90","72.40","72.50","-0.4000","253"
"6209","今國光","8061332","276011026","33.15","35.35","32.80","33.50","0.5000","4503"
"6213","聯茂","1642916","126946759","78.90","78.90","76.50","76.70","-1.7000","1383"
"6214","精誠","525723","43094405","83.00","83.00","81.60","81.70","-0.4000","745"
"6215","和椿","599345","16886185","28.10","28.45","27.90","28.35","-0.0500","383"
"6216","居易","162970","4417381","27.10","27.20","27.05","27.05","0.0000","177"
"6224","聚鼎","241497","16676458","69.60","69.70","68.30","68.30","-1.0000","508"
"6225","天瀚","122411","1401769","11.65","12.80","10.50","11.40","-0.2500","91"
"6226","光鼎","1334720","17000895","12.75","13.00","12.50","12.50","-0.1000","688"
"6230","尼得科超眾","338894","57657417","169.50","174.00","167.00","169.00","3.5000","383"
"6235","華孚","41798392","4038144818","97.80","99.90","93.30","96.50","-1.3000","24826"
"6239","力成","1290118","120040083","93.30","93.40","92.80","93.00","-0.3000","1187"
"6243","迅杰","1524895","60742526","39.05","41.20","38.75","39.10","0.0500","1034"
"6257","矽格","1081129","59936797","55.30","55.60","55.30","55.40","0.0000","643"
"6269","台郡","4862620","489376810","98.60","102.00","98.00","100.50","2.4000","3650"
"6271","同欣電","2392967","456601017","193.00","193.00","189.00","189.00","-4.0000","3073"
"6277","宏正","368881","32017838","86.00","87.30","86.00","86.60","0.7000","354"
"6278","台表科","2179604","222486178","105.00","105.00","100.50","101.50","-3.0000","3111"
"6281","全國電","16566","1389646","83.90","83.90","83.80","83.80","-0.1000","27"
"6282","康舒","29203280","1180168893","40.70","41.35","39.65","39.65","-0.8000","16485"
"6283","淳安","180228","6230270","34.80","34.95","34.35","34.35","-0.3000","275"
"6285","啟碁","8205141","811928434","99.10","100.50","97.50","97.70","-0.9000","5911"
"6288","聯嘉","12294757","398316678","32.15","32.80","31.90","32.05","0.3000","6142"
"6405","悅城","136783","3072082","22.80","22.80","22.20","22.40","-0.2000","62"
"6409","旭隼","168288","301007220","1800.00","1820.00","1765.00","1790.00","-10.0000","409"
"6412","群電","261681","20947244","80.70","80.70","79.80","80.20","-0.5000","282"
"6414","樺漢","627302","160261902","257.50","258.00","254.50","255.00","-1.5000","666"
"6415","矽力*-KY","2782143","1411555858","528.00","528.00","497.50","503.00","-11.0000","5403"
"6416","瑞祺電通","1561501","175015406","111.50","114.00","110.00","111.50","-1.0000","1475"
"6426","統新","415963","28006506","65.70","68.80","65.60","66.90","2.0000","379"
"6431","光麗-KY","38675","806221","20.95","20.95","20.75","20.95","0.0500","601"
"6438","迅得","1722706","193979496","111.00","115.00","110.50","111.50","-0.5000","1267"
"6442","光聖","641696","35484938","54.90","56.00","54.50","55.30","0.5000","527"
"6443","元晶","31563800","1243458407","39.25","39.95","38.60","38.60","-0.3000","15806"
"6449","鈺邦","41186","2194173","53.60","53.60","53.00","53.40","-0.3000","57"
"6451","訊芯-KY","412171","35533529","85.80","87.20","84.70","86.20","0.8000","379"
"6456","GIS-KY","2035011","170839274","83.80","84.40","83.40","83.80","1.1000","1482"
"6464","台數科","6394","586247","92.90","92.90","90.30","92.20","-1.8000","42"
"6477","安集","15779781","884137543","55.30","57.40","54.30","54.80","0.2000","9606"
"6491","晶碩","596567","253578695","423.50","428.50","415.00","425.50","9.0000","660"
"6504","南六","90337","7340134","81.50","82.10","80.60","81.60","0.1000","99"
"6505","台塑化","1400386","121053048","87.50","87.50","85.70","86.50","-1.2000","3370"
"6515","穎崴","724665","530830635","730.00","744.00","723.00","724.00","1.0000","905"
"6525","捷敏-KY","119745","9148928","76.10","76.60","76.10","76.30","0.1000","113"
"6531","愛普*","5022790","1581813553","317.00","322.00","309.00","311.50","-3.5000","4460"
"6533","晶心科","2243177","1140052182","515.00","520.00","498.00","498.00","-12.0000","2665"
"6541","泰福-KY","216930","17448840","79.90","80.80","79.90","80.50","0.6000","314"
"6550","北極星藥業-KY","4029045","399061278","99.30","101.00","97.60","98.20","0.9000","2956"
"6552","易華電","115104","4284695","37.55","37.60","36.70","36.95","-0.6000","112"
"6558","興能高","1548920","44032841","27.65","29.45","27.55","28.25","0.9000","1201"
"6573","虹揚-KY","204155","3275509","16.30","16.50","15.80","15.80","-0.5000","143"
"6579","研揚","42000","3925500","93.30","94.00","93.10","93.50","0.0000","33"
"6581","鋼聯","45021","4152928","92.30","92.50","92.00","92.00","-0.3000","66"
"6582","申豐","123434","7724001","62.80","63.00","62.20","62.50","-0.3000","280"
"6585","鼎基","150087","10155671","67.80","68.50","66.80","67.20","-0.5000","118"
"6591","動力-KY","202405","10704448","53.20","53.30","52.50","53.00","0.0000","172"
"6592","和潤企業","1615968","216032750","134.00","136.00","132.00","132.00","-2.5000","1477"
"6592A","和潤企業甲特","6033","589523","97.70","97.80","97.70","97.70","0.0000","8"
"6598","ABC-KY","177190","5032405","28.95","28.95","28.10","28.35","-0.4000","334"
"6605","帝寶","888582","88450887","101.00","101.50","98.30","98.50","-2.5000","1664"
"6606","建德工業","2537786","78984614","29.00","31.80","28.95","31.80","2.8500","1434"
"6625","必應","4742881","294328231","59.40","63.90","58.50","63.90","5.8000","3444"
"6641","基士德-KY","24484","1385614","56.60","56.60","56.50","56.60","0.0000","26"
"6655","科定","41001","5252128","128.00","128.50","128.00","128.00","0.0000","24"
"6666","羅麗芬-KY","254715","22649482","90.00","90.00","88.10","88.50","-0.9000","274"
"6668","中揚光","290994","12637244","42.95","43.90","42.65","43.40","0.4500","217"
"6669","緯穎","1779749","2065395560","1155.00","1180.00","1150.00","1160.00","-15.0000","2362"
"6670","復盛應用","446936","98041786","219.50","220.50","218.50","219.00","-1.0000","487"
"6671","三能-KY","8215","331475","40.35","40.35","40.35","40.35","0.0000","10"
"6672","騰輝電子-KY","1319318","119239033","89.00","91.70","88.40","90.80","1.9000","1123"
"6674","鋐寶科技","22000","621550","28.25","28.30","28.20","28.30","0.0000","12"
"6689","伊雲谷","738571","101127179","135.50","139.50","134.00","136.00","2.0000","902"
"6691","洋基工程","1036361","308552651","300.00","303.50","292.50","293.50","-3.5000","1785"
"6695","芯鼎","343958","16252200","47.20","48.40","46.40","47.50","0.4500","347"
"6698","旭暉應材","561060","21416602","39.30","39.30","37.55","37.75","-1.1000","564"
"6706","惠特","336550","31116340","92.30","92.90","92.10","92.10","-0.2000","409"
"6715","嘉基","2483446","411743027","162.00","169.00","160.50","165.00","4.5000","1973"
"6719","力智","13311267","4839028127","350.50","376.50","350.00","366.00","23.5000","13011"
"6743","安普新","2207113","133124952","56.30","61.60","56.30","61.60","5.6000","1703"
"6753","龍德造船","3320879","451444023","138.50","141.50","133.00","133.50","-6.5000","3294"
"6754","匯僑設計","74239","4065377","54.60","55.10","54.60","54.70","-0.3000","74"
"6756","威鋒電子","359941","82604352","233.00","233.00","226.50","226.50","-6.5000","1098"
"6768","志強-KY","299346","21822275","72.60","73.40","72.60","72.80","0.2000","357"
"6770","力積電","13121889","434982742","33.05","33.40","32.90","32.90","0.0000","5359"
"6776","展碁國際","749322","41199088","55.60","55.70","54.30","54.60","-1.4000","906"
"6781","AES-KY","552667","406325541","723.00","745.00","723.00","732.00","9.0000","836"
"6782","視陽","1759610","572532567","329.00","335.00","317.00","319.50","-8.0000","2229"
"6789","采鈺","1384567","343031821","245.50","251.00","243.00","246.50","3.0000","1909"
"6790","永豐實","466054","18194909","39.05","39.30","38.85","38.85","-0.1000","333"
"6792","詠業","185606","16757399","91.00","91.50","89.30","89.30","-1.9000","246"
"6796","晉弘","415231","44751603","106.00","110.00","106.00","107.00","1.5000","345"
"6799","來頡","8515996","1494765637","164.00","180.50","163.00","180.50","16.0000","6137"
"6806","森崴能源","29303539","3411463832","110.00","121.00","109.00","121.00","11.0000","18272"
"6807","峰源-KY","66086","2053695","31.00","31.25","30.50","31.20","0.2000","43"
"6830","汎銓","629424","95894220","152.00","156.50","148.50","150.50","-3.5000","616"
"6834","天二科技","53000","1525700","28.70","29.00","28.70","28.80","-0.2000","32"
"6835","圓裕","522400","23735223","44.80","46.60","44.50","44.70","0.3000","395"
"6854","錼創科技-KY創","43000","4430000","101.50","103.50","101.50","102.50","-0.5000","26"
"6861","睿生光電","552536","71367923","132.50","132.50","127.00","127.00","-5.5000","687"
"6863","永道-KY","2235174","473940085","200.00","220.00","197.00","220.00","20.0000","1635"
"6869","雲豹能源-創","98020","8943522","91.60","92.00","91.00","91.10","-0.5000","78"
"6873","泓德能源-創","118050","16379374","139.50","140.00","137.50","139.00","0.5000","97"
"8011","台通","1403779","22016453","15.65","15.85","15.50","15.50","0.0500","943"
"8016","矽創","1399833","346037427","252.00","252.00","245.00","245.00","-5.0000","5651"
"8021","尖點","268788","8088150","30.10","30.35","29.80","29.90","-0.2000","210"
"8028","昇陽半導體","2347327","143044142","62.00","62.00","60.50","60.50","-1.2000","1845"
"8033","雷虎","76159748","6025118711","80.00","85.20","73.50","73.50","-5.5000","46518"
"8039","台虹","60658","2592681","42.70","42.85","42.65","42.70","0.0000","61"
"8046","南電","3448427","910613360","264.00","267.00","261.50","263.00","-1.5000","3516"
"8070","長華*","437543","15688357","36.00","36.05","35.75","35.75","-0.2500","280"
"8072","陞泰","263273","7539665","28.60","28.95","28.25","28.65","0.3000","268"
"8081","致新","1404444","273454913","195.00","196.50","190.50","196.00","3.5000","2233"
"8101","華冠","64739","350209","5.50","5.50","5.33","5.35","-0.1500","415"
"8103","瀚荃","454177","17501866","39.00","39.00","38.20","38.25","-0.6000","456"
"8104","錸寶","2195910","102166702","46.30","47.95","45.00","45.55","-0.6500","1743"
"8105","凌巨","22266453","334605425","14.65","15.35","14.50","15.00","0.6000","7685"
"8110","華東","1760838","24628745","14.00","14.15","13.90","13.90","-0.1000","771"
"8112","至上","1613268","69687155","44.70","44.70","44.40","44.50","-0.2000","798"
"8112A","至上甲特","4910","207481","42.30","42.30","42.30","42.30","0.0000","12"
"8114","振樺電","349708","38752135","112.00","112.00","110.00","110.00","-1.5000","380"
"8131","福懋科","399990","17891875","44.65","44.90","44.45","44.65","0.1500","357"
"8150","南茂","1636180","63702515","39.00","39.10","38.75","38.90","0.0500","1061"
"8163","達方","445679","19883585","44.55","44.80","44.50","44.55","0.0000","345"
"8201","無敵","279806","3759960","13.60","13.65","13.20","13.35","-0.2500","132"
"8210","勤誠","3823657","342555453","86.00","91.40","86.00","91.40","8.3000","2431"
"8213","志超","283206","11825277","41.70","42.00","41.50","41.80","0.1000","225"
"8215","明基材","8189327","331576898","40.30","41.05","39.85","40.15","0.0500","4805"
"8222","寶一","38434680","2153304115","55.30","57.30","54.00","57.30","5.2000","19460"
"8249","菱光","760706","24259399","32.90","32.90","31.40","31.40","-1.3000","537"
"8261","富鼎","4428390","508058652","114.50","116.00","113.50","114.00","1.0000","3065"
"8271","宇瞻","1043152","57306200","55.20","55.70","54.50","54.70","-0.3000","890"
"8341","日友","194460","32544284","169.50","169.50","166.50","167.00","-1.5000","1668"
"8367","建新國際","88992","4366382","49.45","49.45","48.95","49.05","0.3000","94"
"8374","羅昇","86625","2920191","33.95","34.00","33.50","33.70","0.0500","88"
"8404","百和興業-KY","42669","1140210","26.70","26.80","26.65","26.65","-0.1000","42"
"8411","福貞-KY","86369","1281747","14.85","14.95","14.80","14.90","-0.0500","97"
"8422","可寧衛","87827","16550117","188.00","189.00","188.00","189.00","1.0000","220"
"8429","金麗-KY","159576","1689141","10.50","10.60","10.50","10.55","0.0000","487"
"8438","昶昕","50000","1223850","24.40","24.65","24.40","24.60","0.3500","30"
"8442","威宏-KY","86328","6944342","81.10","81.10","80.00","80.00","-1.1000","84"
"8443","阿瘦","191680","2264114","11.80","11.90","11.75","11.85","0.1000","1065"
"8454","富邦媒","746095","645916982","845.00","877.00","845.00","870.00","31.0000","1747"
"8462","柏文","98621","15072621","154.00","155.00","151.50","151.50","-2.0000","566"
"8463","潤泰材","118192","3021845","25.85","25.85","25.35","25.35","-0.4500","106"
"8464","億豐","194057","64940186","331.50","336.00","331.50","336.00","2.5000","182"
"8466","美吉吉-KY","35070","1507427","43.20","43.20","42.70","42.80","-0.4000","27"
"8467","波力-KY","51157","3173489","62.30","62.90","61.40","61.80","-0.7000","43"
"8473","山林水","77347","2388612","30.85","31.00","30.80","30.80","-0.0500","94"
"8478","東哥遊艇","2497774","1300273904","570.00","575.00","503.00","503.00","-55.0000","5190"
"8481","政伸","12600","734700","58.50","58.50","58.00","58.00","0.0000","14"
"8482","商億-KY","11019","847864","76.40","77.50","76.40","77.10","0.7000","11"
"8488","吉源-KY","50000","779950","15.55","15.65","15.55","15.60","-0.0500","4"
"8499","鼎炫-KY","42350","4632766","110.00","110.00","109.00","109.50","0.0000","53"
"8926","台汽電","14297551","727569347","50.50","53.00","49.15","50.40","1.2500","10431"
"8940","新天地","761637","19402688","25.50","26.00","24.95","25.65","0.1500","593"
"8996","高力","4424138","1045049187","243.00","244.50","228.50","228.50","-12.5000","3558"
"9103","美德醫療-DR","655279","4577477","7.02","7.05","6.95","6.97","-0.0400","247"
"910322","康師傅-DR","7002","180851","25.75","25.90","25.75","25.85","0.0500","8"
"9105","泰金寶-DR","484028","1918805","3.97","3.99","3.95","3.97","0.0000","145"
"910861","神州-DR","831004","5750356","6.93","6.93","6.90","6.92","0.0000","28"
"9110","越南控-DR","697128","3057532","4.48","4.50","4.25","4.45","0.0200","213"
"911608","明輝-DR","27702","83876","3.03","3.06","3.01","3.03","0.0000","20"
"911622","泰聚亨-DR","12000","60810","5.02","5.11","5.02","5.10","-0.0100","6"
"911868","同方友友-DR","167000","207670","1.25","1.26","1.23","1.25","0.0000","43"
"912000","晨訊科-DR","267000","602340","2.26","2.27","2.25","2.25","-0.0100","72"
"9136","巨騰-DR","231004","1474234","6.44","6.44","6.36","6.36","0.0000","81"
"9802","鈺齊-KY","1106934","145334629","131.50","133.00","129.50","130.00","-1.5000","975"
"9902","台火","64277","804739","12.55","12.55","12.50","12.55","0.0500","349"
"9904","寶成","4037475","128910123","32.15","32.15","31.80","31.85","0.0500","2111"
"9905","大華","27299","689717","25.30","25.30","25.25","25.25","-0.0500","35"
"9906","欣巴巴","43286","2155999","50.10","50.20","49.30","49.90","-0.2000","33"
"9907","統一實","4159500","85427249","20.75","20.85","20.35","20.35","-0.3000","2375"
"9908","大台北","59968","1909079","31.90","31.90","31.80","31.85","0.0500","94"
"9910","豐泰","452076","86122609","191.00","191.50","190.00","190.00","-0.5000","494"
"9911","櫻花","172893","11108631","63.90","64.70","63.90","64.40","0.5000","224"
"9912","偉聯","109715","1098787","10.05","10.05","9.98","10.00","-0.1000","424"
"9914","美利達","1003571","172203608","170.00","173.00","168.50","172.50","4.5000","1087"
"9917","中保科","547490","57675296","105.00","106.00","104.50","105.50","0.0000","560"
"9918","欣天然","5093","210814","41.20","41.55","41.20","41.45","-0.1500","12"
"9919","康那香","2113770","38227945","18.15","18.20","17.95","18.10","0.0000","501"
"9921","巨大","1768393","336413257","188.00","191.50","187.00","191.50","3.5000","1684"
"9924","福興","54166","2379249","43.90","44.00","43.90","43.95","0.0500","59"
"9925","新保","94802","3869182","40.85","40.90","40.70","40.85","0.0000","84"
"9926","新海","13400","693058","51.80","51.80","51.70","51.70","-0.1000","18"
"9927","泰銘","428530","19530095","45.80","45.90","45.30","45.30","-0.2500","580"
"9928","中視","38756","720967","18.60","18.65","18.55","18.60","0.0500","45"
"9929","秋雨","54100","491590","9.03","9.11","9.03","9.10","0.0000","13"
"9930","中聯資源","89634","4442463","49.60","49.65","49.50","49.60","0.0000","128"
"9931","欣高","4091","163358","39.95","40.00","39.85","40.00","0.0000","8"
"9933","中鼎","1112639","47747696","43.00","43.15","42.70","42.70","-0.2000","817"
"9934","成霖","366281","5027775","13.75","13.80","13.65","13.75","0.0000","143"
"9935","慶豐富","1201259","24055411","19.60","20.25","19.60","20.10","0.6500","530"
"9937","全國","12734","755123","59.30","59.60","59.30","59.60","0.4000","13"
"9938","百和","716278","42659465","59.20","60.10","59.20","59.30","0.6000","581"
"9939","宏全","1168037","117436892","100.50","102.00","99.70","100.50","0.0000","928"
"9940","信義","147647","4271690","29.00","29.00","28.85","28.90","-0.1000","141"
"9941","裕融","527029","97444143","185.50","185.50","184.00","185.00","0.0000","942"
"9941A","裕融甲特","37020","1862208","50.30","50.40","50.30","50.30","-0.2000","22"
"9942","茂順","915084","129225081","141.50","142.50","139.50","142.50","1.5000","823"
"9943","好樂迪","39761","2650888","66.70","66.90","66.30","66.80","-0.1000","68"
"9944","新麗","88647","1811092","20.45","20.45","20.40","20.40","-0.0500","123"
"9945","潤泰新","6141106","218838483","35.90","35.95","35.40","35.50","-0.4500","4504"
"9946","三發地產","1229703","16705872","13.55","13.90","13.30","13.60","0.1500","524"
"9955","佳龍","862012","22445631","26.05","26.25","25.85","26.00","-0.0500","589"
"9958","世紀鋼","4345635","503200814","117.00","118.00","113.50","114.00","-1.5000","3964"
